Name,MIME Type / Internet Media Type,File Extension,More Details,More Details_link0
Andrew Toolkit,application/andrew-inset,N/A,IANA - Andrew Inset,http://www.iana.org/assignments/media-types/application/andrew-inset
Applixware,application/applixware,.aw,Vistasource,http://www.vistasource.com/en/apl.php
Atom Syndication Format,application/atom+xml,".atom, .xml",RFC 4287,http://tools.ietf.org/html/rfc4287
Atom Publishing Protocol,application/atomcat+xml,.atomcat,RFC 5023,http://www.rfc-editor.org/rfc/rfc5023.txt
Atom Publishing Protocol Service Document,application/atomsvc+xml,.atomsvc,RFC 5023,http://www.rfc-editor.org/rfc/rfc5023.txt
Voice Browser Call Control,"application/ccxml+xml,",.ccxml,Voice Browser Call Control: CCXML Version 1.0,http://www.w3.org/TR/ccxml/
Cloud Data Management Interface (CDMI) - Capability,application/cdmi-capability,.cdmia,RFC 6208,http://www.rfc-editor.org/info/rfc6208
Cloud Data Management Interface (CDMI) - Contaimer,application/cdmi-container,.cdmic,RFC 6209,http://www.rfc-editor.org/info/rfc6209
Cloud Data Management Interface (CDMI) - Domain,application/cdmi-domain,.cdmid,RFC 6210,http://www.rfc-editor.org/info/rfc6210
Cloud Data Management Interface (CDMI) - Object,application/cdmi-object,.cdmio,RFC 6211,http://www.rfc-editor.org/info/rfc6211
Cloud Data Management Interface (CDMI) - Queue,application/cdmi-queue,.cdmiq,RFC 6212,http://www.rfc-editor.org/info/rfc6212
CU-SeeMe,application/cu-seeme,.cu,White Pine,http://www.wpine.com/
Web Distributed Authoring and Versioning,application/davmount+xml,.davmount,RFC 4918,http://tools.ietf.org/html/rfc4918
Data Structure for the Security Suitability of Cryptographic Algorithms,application/dssc+der,.dssc,RFC 5698,http://www.rfc-editor.org/rfc/rfc5698.txt
Data Structure for the Security Suitability of Cryptographic Algorithms,application/dssc+xml,.xdssc,RFC 5698,http://www.rfc-editor.org/rfc/rfc5698.txt
ECMAScript,application/ecmascript,.es,ECMA-357,http://www.ecma-international.org/publications/standards/Ecma-357.htm
Extensible MultiModal Annotation,application/emma+xml,.emma,EMMA: Extensible MultiModal Annotation markup language,http://www.w3.org/TR/2007/CR-emma-20071211/
Electronic Publication,application/epub+zip,.epub,Wikipedia: EPUB,https://en.wikipedia.org/wiki/EPUB
Efficient XML Interchange,application/exi,.exi,Efficient XML Interchange (EXI) Best Practices,http://www.w3.org/TR/exi-best-practices/
Portable Font Resource,application/font-tdpfr,.pfr,RFC 3073,http://tools.ietf.org/html/rfc3073
Hyperstudio,application/hyperstudio,.stk,IANA - Hyperstudio,http://www.iana.org/assignments/media-types/application/hyperstudio
Internet Protocol Flow Information Export,application/ipfix,.ipfix,RFC 3917,http://tools.ietf.org/html/rfc3917
Java Archive,application/java-archive,.jar,Wikipedia: JAR file format,https://en.wikipedia.org/wiki/JAR_%28file_format%29
Java Serialized Object,application/java-serialized-object,.ser,Java Serialization API,http://java.sun.com/developer/technicalArticles/Programming/serialization/
Java Bytecode File,application/java-vm,.class,Wikipedia: Java Bytecode,https://en.wikipedia.org/wiki/Java_bytecode
JavaScript,application/javascript,.js,JavaScript,https://en.wikipedia.org/wiki/Javascript
JavaScript Object Notation (JSON),application/json,.json,Wikipedia: JSON,https://en.wikipedia.org/wiki/Json
Macintosh BinHex 4.0,application/mac-binhex40,.hqx,MacMIME,http://www.iana.org/assignments/media-types/multipart/appledouble
Compact Pro,application/mac-compactpro,.cpt,Compact Pro,http://www.cyclos.com/compactpro.htm
Metadata Authority  Description Schema,application/mads+xml,.mads,RFC 6207,http://tools.ietf.org/html/rfc6207
MARC Formats,application/marc,.mrc,RFC 2220,http://www.faqs.org/rfcs/rfc2220.html
MARC21 XML Schema,application/marcxml+xml,.mrcx,RFC 6207,http://tools.ietf.org/html/rfc6207
Mathematica Notebooks,application/mathematica,.ma,IANA - Mathematica,http://www.iana.org/assignments/media-types/application/mathematica
Mathematical Markup Language,application/mathml+xml,.mathml,W3C Math Home,http://www.w3.org/Math/
Mbox database files,application/mbox,.mbox,RFC 4155,http://tools.ietf.org/html/rfc4155
Media Server Control Markup Language,application/mediaservercontrol+xml,.mscml,RFC 5022,http://tools.ietf.org/html/rfc5022
Metalink,application/metalink4+xml,.meta4,Wikipedia: Metalink,https://en.wikipedia.org/wiki/Metalink
Metadata Encoding and Transmission Standard,application/mets+xml,.mets,RFC 6207,http://tools.ietf.org/html/rfc6207
Metadata Object Description Schema,application/mods+xml,.mods,RFC 6207,http://tools.ietf.org/html/rfc6207
MPEG-21,application/mp21,.m21,Wikipedia: MPEG-21,https://en.wikipedia.org/wiki/MPEG-21
MPEG4,application/mp4,.mp4,RFC 4337,http://www.rfc-editor.org/rfc/rfc4337.txt
Microsoft Word,application/msword,.doc,Wikipedia: Microsoft Word,https://en.wikipedia.org/wiki/Microsoft_Word
Material Exchange Format,application/mxf,.mxf,RFC 4539,http://www.ietf.org/rfc/rfc4539.txt
Binary Data,application/octet-stream,.bin,,https://www.freeformatter.com/mime-types-list.html
Office Document Architecture,application/oda,.oda,RFC 2161,http://tools.ietf.org/html/rfc2161
Open eBook Publication Structure,application/oebps-package+xml,.opf,Wikipedia: Open eBook,https://en.wikipedia.org/wiki/Open_eBook
Ogg,application/ogg,.ogx,Wikipedia: Ogg,https://en.wikipedia.org/wiki/Ogg
Microsoft OneNote,application/onenote,.onetoc,MS OneNote 2010,http://office.microsoft.com/en-ca/onenote/
XML Patch Framework,application/patch-ops-error+xml,.xer,RFC 5261,http://www.rfc-editor.org/rfc/rfc5261.txt
Adobe Portable Document Format,application/pdf,.pdf,Adobe PDF,http://www.adobe.com/products/acrobat/adobepdf.html
Pretty Good Privacy,application/pgp-encrypted,.pgp,RFC 2015,https://en.wikipedia.org/wiki/Pretty_Good_Privacy
Pretty Good Privacy - Signature,application/pgp-signature,.pgp,RFC 2015,http://www.ietf.org/rfc/rfc2015.txt
PICSRules,application/pics-rules,.prf,W3C PICSRules,http://www.w3.org/TR/REC-PICSRules/
PKCS #10 - Certification Request Standard,application/pkcs10,.p10,RFC 2986,http://tools.ietf.org/html/rfc2986
PKCS #7 - Cryptographic Message Syntax Standard,application/pkcs7-mime,.p7m,RFC 2315,http://tools.ietf.org/html/rfc2315
PKCS #7 - Cryptographic Message Syntax Standard,application/pkcs7-signature,.p7s,RFC 2315,http://tools.ietf.org/html/rfc2315
PKCS #8 - Private-Key Information Syntax Standard,application/pkcs8,.p8,RFC 5208,http://tools.ietf.org/html/rfc5208
Attribute Certificate,application/pkix-attr-cert,.ac,RFC 5877,http://tools.ietf.org/html/rfc5877
Internet Public Key Infrastructure - Certificate,application/pkix-cert,.cer,RFC 2585,http://www.ietf.org/rfc/rfc2585.txt
Internet Public Key Infrastructure - Certificate Revocation Lists,application/pkix-crl,.crl,RFC 2585,http://www.ietf.org/rfc/rfc2585.txt
Internet Public Key Infrastructure - Certification Path,application/pkix-pkipath,.pkipath,RFC 2585,http://www.ietf.org/rfc/rfc2585.txt
Internet Public Key Infrastructure - Certificate Management Protocole,application/pkixcmp,.pki,RFC 2585,http://www.ietf.org/rfc/rfc2585.txt
Pronunciation Lexicon Specification,application/pls+xml,.pls,RFC 4267,http://www.rfc-editor.org/rfc/rfc4267.txt
PostScript,application/postscript,.ai,Wikipedia: PostScript,https://en.wikipedia.org/wiki/PostScript
CU-Writer,application/prs.cww,.cww,,https://www.freeformatter.com/mime-types-list.html
Portable Symmetric Key Container,application/pskc+xml,.pskcxml,RFC 6030,http://tools.ietf.org/html/rfc6030
Resource Description Framework,application/rdf+xml,.rdf,RFC 3870,http://www.ietf.org/rfc/rfc3870.txt
IMS Networks,application/reginfo+xml,.rif,,https://www.freeformatter.com/mime-types-list.html
Relax NG Compact Syntax,application/relax-ng-compact-syntax,.rnc,Relax NG,http://relaxng.org/
XML Resource Lists,application/resource-lists+xml,.rl,RFC 4826,http://www.rfc-editor.org/rfc/rfc4826.txt
XML Resource Lists Diff,application/resource-lists-diff+xml,.rld,RFC 4826,http://www.rfc-editor.org/rfc/rfc4826.txt
XML Resource Lists,application/rls-services+xml,.rs,RFC 4826,http://www.rfc-editor.org/rfc/rfc4826.txt
Really Simple Discovery,application/rsd+xml,.rsd,Wikipedia: Really Simple Discovery,https://en.wikipedia.org/wiki/Really_Simple_Discovery
RSS - Really Simple Syndication,application/rss+xml,".rss, .xml",Wikipedia: RSS,https://en.wikipedia.org/wiki/RSS
Rich Text Format,application/rtf,.rtf,Wikipedia: Rich Text Format,https://en.wikipedia.org/wiki/Rich_Text_Format
Systems Biology Markup Language,application/sbml+xml,.sbml,RFC 3823,http://www.rfc-editor.org/rfc/rfc3823.txt
Server-Based Certificate Validation Protocol - Validation Request,application/scvp-cv-request,.scq,RFC 5055,http://www.rfc-editor.org/rfc/rfc5055.txt
Server-Based Certificate Validation Protocol - Validation Response,application/scvp-cv-response,.scs,RFC 5055,http://www.rfc-editor.org/rfc/rfc5055.txt
Server-Based Certificate Validation Protocol - Validation Policies - Request,application/scvp-vp-request,.spq,RFC 5055,http://www.rfc-editor.org/rfc/rfc5055.txt
Server-Based Certificate Validation Protocol - Validation Policies - Response,application/scvp-vp-response,.spp,RFC 5055,http://www.rfc-editor.org/rfc/rfc5055.txt
Session Description Protocol,application/sdp,.sdp,RFC 2327,http://www.ietf.org/rfc/rfc2327.txt
Secure Electronic Transaction - Payment,application/set-payment-initiation,.setpay,IANA: SET Payment,http://www.iana.org/assignments/media-types/application/set-payment-initiation
Secure Electronic Transaction - Registration,application/set-registration-initiation,.setreg,IANA: SET Registration,http://www.iana.org/assignments/media-types/application/set-registration-initiation
S Hexdump Format,application/shf+xml,.shf,RFC 4194,http://www.rfc-editor.org/rfc/rfc4194.txt
Synchronized Multimedia Integration Language,application/smil+xml,.smi,RFC 4536,http://tools.ietf.org/html/rfc4536
SPARQL - Query,application/sparql-query,.rq,W3C SPARQL,http://www.w3.org/TR/2006/CR-rdf-sparql-XMLres-20060406/
SPARQL - Results,application/sparql-results+xml,.srx,W3C SPARQL,http://www.w3.org/TR/2006/CR-rdf-sparql-XMLres-20060406/
Speech Recognition Grammar Specification,application/srgs,.gram,W3C Speech Grammar,http://www.w3.org/TR/speech-grammar/
Speech Recognition Grammar Specification - XML,application/srgs+xml,.grxml,W3C Speech Grammar,http://www.w3.org/TR/speech-grammar/
Search/Retrieve via URL Response Format,application/sru+xml,.sru,RFC 6207,http://tools.ietf.org/html/rfc6207
Speech Synthesis Markup Language,application/ssml+xml,.ssml,W3C Speech Synthesis,http://www.w3.org/TR/speech-synthesis/
Text Encoding and Interchange,application/tei+xml,.tei,RFC 6129,http://tools.ietf.org/html/rfc6129
Sharing Transaction Fraud Data,application/thraud+xml,.tfi,RFC 5941,http://tools.ietf.org/html/rfc5941
Time Stamped Data Envelope,application/timestamped-data,.tsd,RFC 5955,http://tools.ietf.org/html/rfc5955
3rd Generation Partnership Project - Pic Large,application/vnd.3gpp.pic-bw-large,.plb,3GPP,http://www.3gpp.org/specifications
3rd Generation Partnership Project - Pic Small,application/vnd.3gpp.pic-bw-small,.psb,3GPP,http://www.3gpp.org/specifications
3rd Generation Partnership Project - Pic Var,application/vnd.3gpp.pic-bw-var,.pvb,3GPP,http://www.3gpp.org/specifications
3rd Generation Partnership Project - Transaction Capabilities Application Part,application/vnd.3gpp2.tcap,.tcap,3GPP,http://www.3gpp.org/specifications
3M Post It Notes,application/vnd.3m.post-it-notes,.pwn,IANA: 3M Post It Notes,http://www.iana.org/assignments/media-types/application/vnd.3M.Post-it-Notes
Simply Accounting,application/vnd.accpac.simply.aso,.aso,IANA: Simply Accounting,http://www.iana.org/assignments/media-types/application/vnd.accpac.simply.aso
Simply Accounting - Data Import,application/vnd.accpac.simply.imp,.imp,IANA: Simply Accounting,http://www.iana.org/assignments/media-types/application/vnd.accpac.simply.imp
ACU Cobol,application/vnd.acucobol,.acu,IANA: ACU Cobol,http://www.iana.org/assignments/media-types/application/vnd-acucobol
ACU Cobol,application/vnd.acucorp,.atc,IANA: ACU Cobol,http://www.iana.org/assignments/media-types/application/vnd-acucobol
Adobe AIR Application,application/vnd.adobe.air-application-installer-package+zip,.air,Building AIR Applications,http://help.adobe.com/en_US/air/build/air_buildingapps.pdf
Adobe Flex Project,application/vnd.adobe.fxp,.fxp,IANA: Adobe Flex Project,http://www.iana.org/assignments/media-types/application/vnd.adobe.fxp
Adobe XML Data Package,application/vnd.adobe.xdp+xml,.xdp,Wikipedia: XML Data Package,https://en.wikipedia.org/wiki/XML_Data_Package
Adobe XML Forms Data Format,application/vnd.adobe.xfdf,.xfdf,Wikipedia: XML Portable Document Format,https://en.wikipedia.org/wiki/XFDF#Interactive_elements
Ahead AIR Application,application/vnd.ahead.space,.ahead,IANA: Ahead AIR Application,http://www.iana.org/assignments/media-types/application/vnd.ahead.space
AirZip FileSECURE,application/vnd.airzip.filesecure.azf,.azf,IANA: AirZip,http://www.iana.org/assignments/media-types/application/vnd.airzip.filesecure.azf
AirZip FileSECURE,application/vnd.airzip.filesecure.azs,.azs,IANA: AirZip,http://www.iana.org/assignments/media-types/application/vnd.airzip.filesecure.azs
Amazon Kindle eBook format,application/vnd.amazon.ebook,.azw,Kindle Direct Publishing,https://kdp.amazon.com/self-publishing/help?topicId=A328FYMFAE7VNY
Active Content Compression,application/vnd.americandynamics.acc,.acc,IANA: Active Content Compression,http://www.iana.org/assignments/media-types/application/vnd.americandynamics.acc
AmigaDE,application/vnd.amiga.ami,.ami,IANA: Amiga,http://www.iana.org/assignments/media-types/application/vnd.amiga.ami
Android Package Archive,application/vnd.android.package-archive,.apk,Wikipedia: APK File Format,https://en.wikipedia.org/wiki/APK_%28file_format%29
ANSER-WEB Terminal Client - Certificate Issue,application/vnd.anser-web-certificate-issue-initiation,.cii,IANA: ANSWER-WEB,http://www.iana.org/assignments/media-types/application/vnd.anser-web-certificate-issue-initiation
ANSER-WEB Terminal Client - Web Funds Transfer,application/vnd.anser-web-funds-transfer-initiation,.fti,IANA: ANSWER-WEB,http://www.iana.org/assignments/media-types/application/vnd.anser-web-funds-transfer-initiation
Antix Game Player,application/vnd.antix.game-component,.atx,IANA: Antix Game Component,http://www.iana.org/assignments/media-types/application/vnd.antix.game-component
Apple Installer Package,application/vnd.apple.installer+xml,.mpkg,IANA: Apple Installer,http://www.iana.org/assignments/media-types/application/vnd.apple.installer+xml
Multimedia Playlist Unicode,application/vnd.apple.mpegurl,.m3u8,Wikipedia: M3U,https://en.wikipedia.org/wiki/M3U
Arista Networks Software Image,application/vnd.aristanetworks.swi,.swi,IANA: Arista Networks Software Image,http://www.iana.org/assignments/media-types/application/vnd.aristanetworks.swi
Audiograph,application/vnd.audiograph,.aep,IANA: Audiograph,http://www.iana.org/assignments/media-types/application/vnd.audiograph
Blueice Research Multipass,application/vnd.blueice.multipass,.mpm,IANA: Multipass,"http://www.cisionwire.com/blueice-research/r/the-multipass-gives-pda-users-better-security,e37928"
BMI Drawing Data Interchange,application/vnd.bmi,.bmi,IANA: BMI,http://www.iana.org/assignments/media-types/application/vnd.bmi
BusinessObjects,application/vnd.businessobjects,.rep,IANA: BusinessObjects,http://www.iana.org/assignments/media-types/application/vnd.businessobjects
CambridgeSoft Chem Draw,application/vnd.chemdraw+xml,.cdxml,IANA: Chem Draw,http://www.iana.org/assignments/media-types/application/vnd.chemdraw+xml
Karaoke on Chipnuts Chipsets,application/vnd.chipnuts.karaoke-mmd,.mmd,IANA: Chipnuts Karaoke,http://www.iana.org/assignments/media-types/application/vnd.chipnuts.karaoke-mmd
Interactive Geometry Software Cinderella,application/vnd.cinderella,.cdy,IANA: Cinderella,http://www.iana.org/assignments/media-types/application/vnd.cinderella
Claymore Data Files,application/vnd.claymore,.cla,IANA: Claymore,http://www.iana.org/assignments/media-types/application/vnd.claymore
RetroPlatform Player,application/vnd.cloanto.rp9,.rp9,IANA: RetroPlatform Player,http://www.iana.org/assignments/media-types/application/vnd.cloanto.rp9
Clonk Game,application/vnd.clonk.c4group,.c4g,IANA: Clonk,http://www.iana.org/assignments/media-types/application/vnd.clonk.c4group
ClueTrust CartoMobile - Config,application/vnd.cluetrust.cartomobile-config,.c11amc,IANA: CartoMobile,http://www.iana.org/assignments/media-types/application/vnd.cluetrust.cartomobile-config
ClueTrust CartoMobile - Config Package,application/vnd.cluetrust.cartomobile-config-pkg,.c11amz,IANA: CartoMobile,http://www.iana.org/assignments/media-types/application/vnd.cluetrust.cartomobile-config
Sixth Floor Media - CommonSpace,application/vnd.commonspace,.csp,IANA: CommonSpace,http://www.iana.org/assignments/media-types/application/vnd.commonspace
CIM Database,application/vnd.contact.cmsg,.cdbcmsg,IANA: CIM Database,http://www.iana.org/assignments/media-types/application/vnd.contact.cmsg
CosmoCaller,application/vnd.cosmocaller,.cmc,IANA: CosmoCaller,http://www.iana.org/assignments/media-types/application/vnd.cosmocaller
CrickSoftware - Clicker,application/vnd.crick.clicker,.clkx,IANA: Clicker,http://www.iana.org/assignments/media-types/application/vnd.crick.clicker
CrickSoftware - Clicker - Keyboard,application/vnd.crick.clicker.keyboard,.clkk,IANA: Clicker,http://www.iana.org/assignments/media-types/application/vnd.crick.clicker
CrickSoftware - Clicker - Palette,application/vnd.crick.clicker.palette,.clkp,IANA: Clicker,http://www.iana.org/assignments/media-types/application/vnd.crick.clicker
CrickSoftware - Clicker - Template,application/vnd.crick.clicker.template,.clkt,IANA: Clicker,http://www.iana.org/assignments/media-types/application/vnd.crick.clicker
CrickSoftware - Clicker - Wordbank,application/vnd.crick.clicker.wordbank,.clkw,IANA: Clicker,http://www.iana.org/assignments/media-types/application/vnd.crick.clicker
Critical Tools - PERT Chart EXPERT,application/vnd.criticaltools.wbs+xml,.wbs,IANA: Critical Tools,http://www.iana.org/assignments/media-types/application/vnd.criticaltools.wbs+xml
PosML,application/vnd.ctc-posml,.pml,IANA: PosML,http://www.iana.org/assignments/media-types/application/vnd.ctc-posml
Adobe PostScript Printer Description File Format,application/vnd.cups-ppd,.ppd,IANA: Cups,http://www.iana.org/assignments/media-types/application/vnd.cups-ppd
CURL Applet,application/vnd.curl.car,.car,IANA: CURL Applet,http://www.iana.org/assignments/media-types/application/vnd.curl.car
CURL Applet,application/vnd.curl.pcurl,.pcurl,IANA: CURL Applet,http://www.iana.org/assignments/media-types/application/vnd.curl.pcurl
RemoteDocs R-Viewer,application/vnd.data-vision.rdz,.rdz,IANA: Data-Vision,http://www.iana.org/assignments/media-types/application/vnd.data-vision.rdz
FCS Express Layout Link,application/vnd.denovo.fcselayout-link,.fe_launch,IANA: FCS Express Layout Link,http://www.iana.org/assignments/media-types/application/vnd.denovo.fcselayout-link
New Moon Liftoff/DNA,application/vnd.dna,.dna,IANA: New Moon Liftoff/DNA,http://www.iana.org/assignments/media-types/application/vnd.dna
Dolby Meridian Lossless Packing,application/vnd.dolby.mlp,.mlp,IANA: Dolby Meridian Lossless Packing,http://www.iana.org/assignments/media-types/application/vnd.dolby.mlp
DPGraph,application/vnd.dpgraph,.dpg,IANA: DPGraph,http://www.iana.org/assignments/media-types/application/vnd.dpgraph
DreamFactory,application/vnd.dreamfactory,.dfac,IANA: DreamFactory,http://www.iana.org/assignments/media-types/application/vnd.dreamfactory
Digital Video Broadcasting,application/vnd.dvb.ait,.ait,IANA: Digital Video Broadcasting,http://www.iana.org/assignments/media-types/application/vnd.dvb.ait
Digital Video Broadcasting,application/vnd.dvb.service,.svc,IANA: Digital Video Broadcasting,http://www.iana.org/assignments/media-types/application/vnd.dvb.svc
DynaGeo,application/vnd.dynageo,.geo,IANA: DynaGeo,http://www.iana.org/assignments/media-types/application/vnd.dynageo
EcoWin Chart,application/vnd.ecowin.chart,.mag,IANA: EcoWin Chart,http://www.iana.org/assignments/media-types/application/vnd.ecowin.chart
Enliven Viewer,application/vnd.enliven,.nml,IANA: Enliven Viewer,http://www.iana.org/assignments/media-types/application/vnd.enliven
QUASS Stream Player,application/vnd.epson.esf,.esf,IANA: QUASS Stream Player,http://www.iana.org/assignments/media-types/application/vnd.epson.esf
QUASS Stream Player,application/vnd.epson.msf,.msf,IANA: QUASS Stream Player,http://www.iana.org/assignments/media-types/application/vnd.epson.msf
QuickAnime Player,application/vnd.epson.quickanime,.qam,IANA: QuickAnime Player,http://www.iana.org/assignments/media-types/application/vnd.epson.quickanime
SimpleAnimeLite Player,application/vnd.epson.salt,.slt,IANA: SimpleAnimeLite Player,http://www.iana.org/assignments/media-types/application/vnd.epson.salt
QUASS Stream Player,application/vnd.epson.ssf,.ssf,IANA: QUASS Stream Player,http://www.iana.org/assignments/media-types/application/vnd.epson.ssf
MICROSEC e-Szign�,application/vnd.eszigno3+xml,.es3,IANA: MICROSEC e-Szign�,http://www.iana.org/assignments/media-types/application/vnd.eszigno3+xml
EZPix Secure Photo Album,application/vnd.ezpix-album,.ez2,IANA: EZPix Secure Photo Album,http://www.iana.org/assignments/media-types/application/vnd.ezpix-album
EZPix Secure Photo Album,application/vnd.ezpix-package,.ez3,IANA: EZPix Secure Photo Album,http://www.iana.org/assignments/media-types/application/vnd.ezpix-package
Forms Data Format,application/vnd.fdf,.fdf,IANA: Forms Data Format,http://www.iana.org/assignments/media-types/application/vnd-fdf
Digital Siesmograph Networks - SEED Datafiles,application/vnd.fdsn.seed,.seed,IANA: SEED,http://www.iana.org/assignments/media-types/application/vnd.fdsn.seed
NpGraphIt,application/vnd.flographit,.gph,IANA: FloGraphIt,http://www.iana.org/assignments/media-types/application/vnd.flographit
FluxTime Clip,application/vnd.fluxtime.clip,.ftc,IANA: FluxTime Clip,http://www.iana.org/assignments/media-types/application/vnd.fluxtime.clip
FrameMaker Normal Format,application/vnd.framemaker,.fm,IANA: FrameMaker,http://www.iana.org/assignments/media-types/application/vnd.framemaker
Frogans Player,application/vnd.frogans.fnc,.fnc,IANA: Frogans Player,http://www.iana.org/assignments/media-types/application/vnd.frogans.fnc
Frogans Player,application/vnd.frogans.ltf,.ltf,IANA: Frogans Player,http://www.iana.org/assignments/media-types/application/vnd.frogans.ltf
Friendly Software Corporation,application/vnd.fsc.weblaunch,.fsc,IANA: Friendly Software Corporation,http://www.iana.org/assignments/media-types/application/vnd.fsc.weblaunch
Fujitsu Oasys,application/vnd.fujitsu.oasys,.oas,IANA: Fujitsu Oasys,http://www.iana.org/assignments/media-types/application/vnd.fujitsu.oasys
Fujitsu Oasys,application/vnd.fujitsu.oasys2,.oa2,IANA: Fujitsu Oasys,http://www.iana.org/assignments/media-types/application/vnd.fujitsu.oasys2
Fujitsu Oasys,application/vnd.fujitsu.oasys3,.oa3,IANA: Fujitsu Oasys,http://www.iana.org/assignments/media-types/application/vnd.fujitsu.oasys3
Fujitsu Oasys,application/vnd.fujitsu.oasysgp,.fg5,IANA: Fujitsu Oasys,http://www.iana.org/assignments/media-types/application/vnd.fujitsu.oasysgp
Fujitsu Oasys,application/vnd.fujitsu.oasysprs,.bh2,IANA: Fujitsu Oasys,http://www.iana.org/assignments/media-types/application/vnd.fujitsu.oasysprs
Fujitsu - Xerox 2D CAD Data,application/vnd.fujixerox.ddd,.ddd,IANA: Fujitsu DDD,http://www.iana.org/assignments/media-types/application/vnd.fujixerox.ddd
Fujitsu - Xerox DocuWorks,application/vnd.fujixerox.docuworks,.xdw,IANA: Docuworks,http://www.iana.org/assignments/media-types/application/vnd.fujixerox.docuworks
Fujitsu - Xerox DocuWorks Binder,application/vnd.fujixerox.docuworks.binder,.xbd,IANA: Docuworks Binder,http://www.iana.org/assignments/media-types/application/vnd.fujixerox.docuworks.binder
FuzzySheet,application/vnd.fuzzysheet,.fzs,IANA: FuzySheet,http://www.iana.org/assignments/media-types/application/vnd.fuzzysheet
Genomatix Tuxedo Framework,application/vnd.genomatix.tuxedo,.txd,IANA: Genomatix Tuxedo Framework,http://www.iana.org/assignments/media-types/application/vnd.genomatix.tuxedo
GeoGebra,application/vnd.geogebra.file,.ggb,IANA: GeoGebra,http://www.iana.org/assignments/media-types/application/vnd.geogebra.file
GeoGebra,application/vnd.geogebra.tool,.ggt,IANA: GeoGebra,http://www.iana.org/assignments/media-types/application/vnd.geogebra.tool
GeoMetry Explorer,application/vnd.geometry-explorer,.gex,IANA: GeoMetry Explorer,http://www.iana.org/assignments/media-types/application/vnd.geometry-explorer
GEONExT and JSXGraph,application/vnd.geonext,.gxt,IANA: GEONExT and JSXGraph,http://www.iana.org/assignments/media-types/application/vnd.geonext
GeoplanW,application/vnd.geoplan,.g2w,IANA: GeoplanW,http://www.iana.org/assignments/media-types/application/vnd.geoplan
GeospacW,application/vnd.geospace,.g3w,IANA: GeospacW,http://www.iana.org/assignments/media-types/application/vnd.geospace
GameMaker ActiveX,application/vnd.gmx,.gmx,IANA: GameMaker ActiveX,http://www.iana.org/assignments/media-types/application/vnd.gmx
Google Earth - KML,application/vnd.google-earth.kml+xml,.kml,IANA: Google Earth,http://www.iana.org/assignments/media-types/application/vnd.google-earth.kml+xml
Google Earth - Zipped KML,application/vnd.google-earth.kmz,.kmz,IANA: Google Earth,http://www.iana.org/assignments/media-types/application/vnd.google-earth.kmz
GrafEq,application/vnd.grafeq,.gqf,IANA: GrafEq,http://www.iana.org/assignments/media-types/application/vnd.grafeq
Groove - Account,application/vnd.groove-account,.gac,IANA: Groove,http://www.iana.org/assignments/media-types/application/vnd.groove-account
Groove - Help,application/vnd.groove-help,.ghf,IANA: Groove,http://www.iana.org/assignments/media-types/application/vnd.groove-help
Groove - Identity Message,application/vnd.groove-identity-message,.gim,IANA: Groove,http://www.iana.org/assignments/media-types/application/vnd.groove-identity-message
Groove - Injector,application/vnd.groove-injector,.grv,IANA: Groove,http://www.iana.org/assignments/media-types/application/vnd.groove-injector
Groove - Tool Message,application/vnd.groove-tool-message,.gtm,IANA: Groove,http://www.iana.org/assignments/media-types/application/vnd.groove-tool-message
Groove - Tool Template,application/vnd.groove-tool-template,.tpl,IANA: Groove,http://www.iana.org/assignments/media-types/application/vnd.groove-tool-template
Groove - Vcard,application/vnd.groove-vcard,.vcg,IANA: Groove,http://www.iana.org/assignments/media-types/application/vnd.groove-vcard
Hypertext Application Language,application/vnd.hal+xml,.hal,IANA: HAL,http://www.iana.org/assignments/media-types/application/vnd.hal+xml
ZVUE Media Manager,application/vnd.handheld-entertainment+xml,.zmm,IANA: ZVUE Media Manager,http://www.iana.org/assignments/media-types/application/vnd.HandHeld-Entertainment+xml
Homebanking Computer Interface (HBCI),application/vnd.hbci,.hbci,IANA: HBCI,http://www.iana.org/assignments/media-types/application/vnd.hbci
Archipelago Lesson Player,application/vnd.hhe.lesson-player,.les,IANA: Archipelago Lesson Player,http://www.iana.org/assignments/media-types/application/vnd.hhe.lesson-player
HP-GL/2 and HP RTL,application/vnd.hp-hpgl,.hpgl,IANA: HP-GL/2 and HP RTL,http://www.iana.org/assignments/media-types/application/vnd.hp-HPGL
Hewlett Packard Instant Delivery,application/vnd.hp-hpid,.hpid,IANA: Hewlett Packard Instant Delivery,http://www.iana.org/assignments/media-types/application/vnd.hp-hpid
Hewlett-Packard's WebPrintSmart,application/vnd.hp-hps,.hps,IANA: Hewlett-Packard's WebPrintSmart,http://www.iana.org/assignments/media-types/application/vnd.hp-hps
HP Indigo Digital Press - Job Layout Languate,application/vnd.hp-jlyt,.jlt,IANA: HP Job Layout Language,http://www.iana.org/assignments/media-types/application/vnd.hp-jlyt
HP Printer Command Language,application/vnd.hp-pcl,.pcl,IANA: HP Printer Command Language,http://www.iana.org/assignments/media-types/application/vnd.hp-PCL
PCL 6 Enhanced (Formely PCL XL),application/vnd.hp-pclxl,.pclxl,IANA: HP PCL XL,http://www.iana.org/assignments/media-types/application/vnd.hp-PCLXL
Hydrostatix Master Suite,application/vnd.hydrostatix.sof-data,.sfd-hdstx,IANA: Hydrostatix Master Suite,http://www.iana.org/assignments/media-types/application/vnd.hydrostatix.sof-data
3D Crossword Plugin,application/vnd.hzn-3d-crossword,.x3d,IANA: 3D Crossword Plugin,http://www.iana.org/assignments/media-types/application/vnd.hzn-3d-crossword
MiniPay,application/vnd.ibm.minipay,.mpy,IANA: MiniPay,http://www.iana.org/assignments/media-types/application/vnd.ibm.MiniPay
MO:DCA-P,application/vnd.ibm.modcap,.afp,IANA: MO:DCA-P,http://www.iana.org/assignments/media-types/application/vnd.ibm.modcap
IBM DB2 Rights Manager,application/vnd.ibm.rights-management,.irm,IANA: IBM DB2 Rights Manager,http://www.iana.org/assignments/media-types/application/vnd.ibm.rights-management
IBM Electronic Media Management System - Secure Container,application/vnd.ibm.secure-container,.sc,IANA: EMMS,http://www.iana.org/assignments/media-types/application/vnd.ibm.secure-container
ICC profile,application/vnd.iccprofile,.icc,IANA: ICC profile,http://www.iana.org/assignments/media-types/application/vnd.iccprofile
igLoader,application/vnd.igloader,.igl,IANA: igLoader,http://www.iana.org/assignments/media-types/application/vnd.igloader
ImmerVision PURE Players,application/vnd.immervision-ivp,.ivp,IANA: ImmerVision PURE Players,http://www.iana.org/assignments/media-types/application/vnd.immervision-ivp
ImmerVision PURE Players,application/vnd.immervision-ivu,.ivu,IANA: ImmerVision PURE Players,http://www.iana.org/assignments/media-types/application/vnd.immervision-ivu
IOCOM Visimeet,application/vnd.insors.igm,.igm,IANA: IOCOM Visimeet,http://www.iana.org/assignments/media-types/application/vnd.insors.igm
Intercon FormNet,application/vnd.intercon.formnet,.xpw,IANA: Intercon FormNet,http://www.iana.org/assignments/media-types/application/vnd.intercon.formnet
Interactive Geometry Software,application/vnd.intergeo,.i2g,IANA: Interactive Geometry Software,http://www.iana.org/assignments/media-types/application/vnd.intergeo
Open Financial Exchange,application/vnd.intu.qbo,.qbo,IANA: Open Financial Exchange,http://www.iana.org/assignments/media-types/application/vnd.intu.qbo
Quicken,application/vnd.intu.qfx,.qfx,IANA: Quicken,http://www.iana.org/assignments/media-types/application/vnd.intu.qfx
IP Unplugged Roaming Client,application/vnd.ipunplugged.rcprofile,.rcprofile,IANA: IP Unplugged Roaming Client,http://www.iana.org/assignments/media-types/application/vnd.ipunplugged.rcprofile
iRepository / Lucidoc Editor,application/vnd.irepository.package+xml,.irp,IANA: iRepository / Lucidoc Editor,http://www.iana.org/assignments/media-types/application/vnd.irepository.package+xml
Express by Infoseek,application/vnd.is-xpr,.xpr,IANA: Express by Infoseek,http://www.iana.org/assignments/media-types/application/vnd.is-xpr
International Society for Advancement of Cytometry,application/vnd.isac.fcs,.fcs,IANA: International Society for Advancement of Cytometry,http://www.iana.org/assignments/media-types/application/vnd.isac.fcs
Lightspeed Audio Lab,application/vnd.jam,.jam,IANA: Lightspeed Audio Lab,http://www.iana.org/assignments/media-types/application/vnd.jam
Mobile Information Device Profile,application/vnd.jcp.javame.midlet-rms,.rms,IANA: Mobile Information Device Profile,http://www.iana.org/assignments/media-types/application/vnd.jcp.javame.midlet-rms
RhymBox,application/vnd.jisp,.jisp,IANA: RhymBox,http://www.iana.org/assignments/media-types/application/vnd.jisp
Joda Archive,application/vnd.joost.joda-archive,.joda,IANA: Joda Archive,http://www.iana.org/assignments/media-types/application/vnd.joost.joda-archive
Kahootz,application/vnd.kahootz,.ktz,IANA: Kahootz,http://www.iana.org/assignments/media-types/application/vnd.kahootz
KDE KOffice Office Suite - Karbon,application/vnd.kde.karbon,.karbon,IANA: KDE KOffice Office Suite,http://www.iana.org/assignments/media-types/application/vnd.kde.karbon
KDE KOffice Office Suite - KChart,application/vnd.kde.kchart,.chrt,IANA: KDE KOffice Office Suite,http://www.iana.org/assignments/media-types/application/vnd.kde.kchart
KDE KOffice Office Suite - Kformula,application/vnd.kde.kformula,.kfo,IANA: KDE KOffice Office Suite,http://www.iana.org/assignments/media-types/application/vnd.kde.kformula
KDE KOffice Office Suite - Kivio,application/vnd.kde.kivio,.flw,IANA: KDE KOffice Office Suite,http://www.iana.org/assignments/media-types/application/vnd.kde.kivio
KDE KOffice Office Suite - Kontour,application/vnd.kde.kontour,.kon,IANA: KDE KOffice Office Suite,http://www.iana.org/assignments/media-types/application/vnd.kde.kontour
KDE KOffice Office Suite - Kpresenter,application/vnd.kde.kpresenter,.kpr,IANA: KDE KOffice Office Suite,http://www.iana.org/assignments/media-types/application/vnd.kde.kpresenter
KDE KOffice Office Suite - Kspread,application/vnd.kde.kspread,.ksp,IANA: KDE KOffice Office Suite,http://www.iana.org/assignments/media-types/application/vnd.kde.kspread
KDE KOffice Office Suite - Kword,application/vnd.kde.kword,.kwd,IANA: KDE KOffice Office Suite,http://www.iana.org/assignments/media-types/application/vnd.kde.kword
Kenamea App,application/vnd.kenameaapp,.htke,IANA: Kenamea App,http://www.iana.org/assignments/media-types/application/vnd.kenameaapp
Kidspiration,application/vnd.kidspiration,.kia,IANA: Kidspiration,http://www.iana.org/assignments/media-types/application/vnd.kidspiration
Kinar Applications,application/vnd.kinar,.kne,IANA: Kina Applications,http://www.iana.org/assignments/media-types/application/vnd.Kinar
SSEYO Koan Play File,application/vnd.koan,.skp,IANA: SSEYO Koan Play File,http://www.iana.org/assignments/media-types/application/vnd.koan
Kodak Storyshare,application/vnd.kodak-descriptor,.sse,IANA: Kodak Storyshare,http://www.iana.org/assignments/media-types/application/vnd.kodak-descriptor
Laser App Enterprise,application/vnd.las.las+xml,.lasxml,IANA: Laser App Enterprise,http://www.iana.org/assignments/media-types/application/vnd.las.las+xml
Life Balance - Desktop Edition,application/vnd.llamagraphics.life-balance.desktop,.lbd,IANA: Life Balance,http://www.iana.org/assignments/media-types/application/vnd.llamagraphics.life-balance.desktop
Life Balance - Exchange Format,application/vnd.llamagraphics.life-balance.exchange+xml,.lbe,IANA: Life Balance,http://www.iana.org/assignments/media-types/application/vnd.llamagraphics.life-balance.exchange+xml
Lotus 1-2-3,application/vnd.lotus-1-2-3,.123,IANA: Lotus 1-2-3,http://www.iana.org/assignments/media-types/application/vnd.lotus-1-2-3
Lotus Approach,application/vnd.lotus-approach,.apr,IANA: Lotus Approach,http://www.iana.org/assignments/media-types/application/vnd.lotus-approach
Lotus Freelance,application/vnd.lotus-freelance,.pre,IANA: Lotus Freelance,http://www.iana.org/assignments/media-types/application/vnd.lotus-freelance
Lotus Notes,application/vnd.lotus-notes,.nsf,IANA: Lotus Notes,http://www.iana.org/assignments/media-types/application/vnd.lotus-notes
Lotus Organizer,application/vnd.lotus-organizer,.org,IANA: Lotus Organizer,http://www.iana.org/assignments/media-types/application/vnd.lotus-organizer
Lotus Screencam,application/vnd.lotus-screencam,.scm,IANA: Lotus Screencam,http://www.iana.org/assignments/media-types/application/vnd.lotus-screencam
Lotus Wordpro,application/vnd.lotus-wordpro,.lwp,IANA: Lotus Wordpro,http://www.iana.org/assignments/media-types/application/vnd.lotus-wordpro
MacPorts Port System,application/vnd.macports.portpkg,.portpkg,IANA: MacPorts Port System,http://www.iana.org/assignments/media-types/application/vnd.macports.portpkg
Micro CADAM Helix D&D,application/vnd.mcd,.mcd,IANA: Micro CADAM Helix D&D,http://www.iana.org/assignments/media-types/application/vnd.mcd
MedCalc,application/vnd.medcalcdata,.mc1,IANA: MedCalc,http://www.iana.org/assignments/media-types/application/vnd.medcalcdata
MediaRemote,application/vnd.mediastation.cdkey,.cdkey,IANA: MediaRemote,http://www.iana.org/assignments/media-types/application/vnd.mediastation.cdkey
Medical Waveform Encoding Format,application/vnd.mfer,.mwf,IANA: Medical Waveform Encoding Format,http://www.iana.org/assignments/media-types/application/vnd.MFER
Melody Format for Mobile Platform,application/vnd.mfmp,.mfm,IANA: Melody Format for Mobile Platform,http://www.iana.org/assignments/media-types/application/vnd.mfmp
Micrografx,application/vnd.micrografx.flo,.flo,IANA: Micrografx,http://www.iana.org/assignments/media-types/application/vnd.micrografx.flo
Micrografx iGrafx Professional,application/vnd.micrografx.igx,.igx,IANA: Micrografx,http://www.iana.org/assignments/media-types/application/vnd.micrografx.igx
FrameMaker Interchange Format,application/vnd.mif,.mif,IANA: FrameMaker Interchange Format,http://www.iana.org/assignments/media-types/application/vnd-mif
Mobius Management Systems - UniversalArchive,application/vnd.mobius.daf,.daf,IANA: Mobius Management Systems,http://www.iana.org/assignments/media-types/application/vnd.Mobius.DAF
Mobius Management Systems - Distribution Database,application/vnd.mobius.dis,.dis,IANA: Mobius Management Systems,http://www.iana.org/assignments/media-types/application/vnd.mobius.dis
Mobius Management Systems - Basket file,application/vnd.mobius.mbk,.mbk,IANA: Mobius Management Systems,http://www.iana.org/assignments/media-types/application/vnd.mobius.mbk
Mobius Management Systems - Query File,application/vnd.mobius.mqy,.mqy,IANA: Mobius Management Systems,http://www.iana.org/assignments/media-types/application/vnd.mobius.mqy
Mobius Management Systems - Script Language,application/vnd.mobius.msl,.msl,IANA: Mobius Management Systems,http://www.iana.org/assignments/media-types/application/vnd.mobius.msl
Mobius Management Systems - Policy Definition Language File,application/vnd.mobius.plc,.plc,IANA: Mobius Management Systems,http://www.iana.org/assignments/media-types/application/vnd.mobius.plc
Mobius Management Systems - Topic Index File,application/vnd.mobius.txf,.txf,IANA: Mobius Management Systems,http://www.iana.org/assignments/media-types/application/vnd.mobius.txf
Mophun VM,application/vnd.mophun.application,.mpn,IANA: Mophun VM,http://www.iana.org/assignments/media-types/application/vnd.mophun.application
Mophun Certificate,application/vnd.mophun.certificate,.mpc,IANA: Mophun Certificate,http://www.iana.org/assignments/media-types/application/vnd.mophun.certificate
XUL - XML User Interface Language,application/vnd.mozilla.xul+xml,.xul,IANA: XUL,http://www.iana.org/assignments/media-types/application/vnd.mozilla.xul+xml
Microsoft Artgalry,application/vnd.ms-artgalry,.cil,IANA: MS Artgalry,http://www.iana.org/assignments/media-types/application/vnd.ms-artgalry
Microsoft Cabinet File,application/vnd.ms-cab-compressed,.cab,IANA: MS Cabinet File,http://www.iana.org/assignments/media-types/application/vnd.ms-cab-compressed
Microsoft Excel,application/vnd.ms-excel,.xls,IANA: MS Excel,http://www.iana.org/assignments/media-types/application/vnd.ms-excel
Microsoft Excel - Add-In File,application/vnd.ms-excel.addin.macroenabled.12,.xlam,IANA: MS Excel,http://www.iana.org/assignments/media-types/application/vnd.ms-excel.addin.macroEnabled.12
Microsoft Excel - Binary Workbook,application/vnd.ms-excel.sheet.binary.macroenabled.12,.xlsb,IANA: MS Excel,http://www.iana.org/assignments/media-types/application/vnd.ms-excel.sheet.binary.macroEnabled.12
Microsoft Excel - Macro-Enabled Workbook,application/vnd.ms-excel.sheet.macroenabled.12,.xlsm,IANA: MS Excel,http://www.iana.org/assignments/media-types/application/vnd.ms-excel.sheet.macroEnabled.12
Microsoft Excel - Macro-Enabled Template File,application/vnd.ms-excel.template.macroenabled.12,.xltm,IANA: MS Excel,http://www.iana.org/assignments/media-types/application/vnd.ms-excel.template.macroEnabled.12
Microsoft Embedded OpenType,application/vnd.ms-fontobject,.eot,IANA: MS Embedded OpenType,http://www.iana.org/assignments/media-types/application/vnd.ms-fontobject
Microsoft Html Help File,application/vnd.ms-htmlhelp,.chm,IANA:MS Html Help File,http://www.iana.org/assignments/media-types/application/vnd.ms-htmlhelp
Microsoft Class Server,application/vnd.ms-ims,.ims,IANA: MS Class Server,http://www.iana.org/assignments/media-types/application/vnd.ms-ims
Microsoft Learning Resource Module,application/vnd.ms-lrm,.lrm,IANA: MS Learning Resource Module,http://www.iana.org/assignments/media-types/application/vnd.ms-lrm
Microsoft Office System Release Theme,application/vnd.ms-officetheme,.thmx,IANA: MS Office System Release Theme,http://www.iana.org/assignments/media-types/application/vnd.ms-officetheme
Microsoft Trust UI Provider - Security Catalog,application/vnd.ms-pki.seccat,.cat,IANA: MS Trust UI Provider,http://www.iana.org/assignments/media-types/application/vnd.ms-pki.seccat
Microsoft Trust UI Provider - Certificate Trust Link,application/vnd.ms-pki.stl,.stl,IANA: MS Trust UI Provider,http://www.iana.org/assignments/media-types/application/vnd.ms-pki.stl
Microsoft PowerPoint,application/vnd.ms-powerpoint,.ppt,IANA: MS PowerPoint,http://www.iana.org/assignments/media-types/application/vnd.ms-powerpoint
Microsoft PowerPoint - Add-in file,application/vnd.ms-powerpoint.addin.macroenabled.12,.ppam,IANA: MS PowerPoint,http://www.iana.org/assignments/media-types/application/vnd.ms-powerpoint.addin.macroEnabled.12
Microsoft PowerPoint - Macro-Enabled Presentation File,application/vnd.ms-powerpoint.presentation.macroenabled.12,.pptm,IANA: MS PowerPoint,http://www.iana.org/assignments/media-types/application/vnd.ms-powerpoint.presentation.macroEnabled.12
Microsoft PowerPoint - Macro-Enabled Open XML Slide,application/vnd.ms-powerpoint.slide.macroenabled.12,.sldm,IANA: MS PowerPoint,http://www.iana.org/assignments/media-types/application/vnd.ms-powerpoint.slide.macroEnabled.12
Microsoft PowerPoint - Macro-Enabled Slide Show File,application/vnd.ms-powerpoint.slideshow.macroenabled.12,.ppsm,IANA: MS PowerPoint,http://www.iana.org/assignments/media-types/application/vnd.ms-powerpoint.slideshow.macroEnabled.12
Microsoft PowerPoint - Macro-Enabled Template File,application/vnd.ms-powerpoint.template.macroenabled.12,.potm,IANA: MS PowerPoint,http://www.iana.org/assignments/media-types/application/vnd.ms-powerpoint.template.macroEnabled.12
Microsoft Project,application/vnd.ms-project,.mpp,IANA: MS PowerPoint,http://www.iana.org/assignments/media-types/application/vnd.ms-project
Microsoft Word - Macro-Enabled Document,application/vnd.ms-word.document.macroenabled.12,.docm,IANA: MS Word,http://www.iana.org/assignments/media-types/application/vnd.ms-word.document.macroEnabled.12
Microsoft Word - Macro-Enabled Template,application/vnd.ms-word.template.macroenabled.12,.dotm,IANA: MS Word,http://www.iana.org/assignments/media-types/application/vnd.ms-word.template.macroEnabled.12
Microsoft Works,application/vnd.ms-works,.wps,IANA: MS Works,http://www.iana.org/assignments/media-types/application/vnd.ms-works
Microsoft Windows Media Player Playlist,application/vnd.ms-wpl,.wpl,IANA: MS Windows Media Player Playlist,http://www.iana.org/assignments/media-types/application/vnd.ms-wpl
Microsoft XML Paper Specification,application/vnd.ms-xpsdocument,.xps,IANA: MS XML Paper Specification,http://www.iana.org/assignments/media-types/application/vnd.ms-xpsdocument
3GPP MSEQ File,application/vnd.mseq,.mseq,IANA: 3GPP MSEQ File,http://www.iana.org/assignments/media-types/application/vnd.mseq
MUsical Score Interpreted Code Invented  for the ASCII designation of Notation,application/vnd.musician,.mus,IANA: MUSICIAN,http://www.iana.org/assignments/media-types/application/vnd.musician
Muvee Automatic Video Editing,application/vnd.muvee.style,.msty,IANA: Muvee,http://www.iana.org/assignments/media-types/application/vnd.muvee.style
neuroLanguage,application/vnd.neurolanguage.nlu,.nlu,IANA: neuroLanguage,http://www.iana.org/assignments/media-types/application/vnd.neurolanguage.nlu
NobleNet Directory,application/vnd.noblenet-directory,.nnd,IANA: NobleNet Directory,http://www.iana.org/assignments/media-types/application/vnd.noblenet-directory
NobleNet Sealer,application/vnd.noblenet-sealer,.nns,IANA: NobleNet Sealer,http://www.iana.org/assignments/media-types/application/vnd.noblenet-sealer
NobleNet Web,application/vnd.noblenet-web,.nnw,IANA: NobleNet Web,http://www.iana.org/assignments/media-types/application/vnd.noblenet-web
N-Gage Game Data,application/vnd.nokia.n-gage.data,.ngdat,IANA: N-Gage Game Data,http://www.iana.org/assignments/media-types/application/vnd.nokia.n-gage.data
N-Gage Game Installer,application/vnd.nokia.n-gage.symbian.install,.n-gage,IANA: N-Gage Game Installer,http://www.iana.org/assignments/media-types/application/vnd.nokia.n-gage.symbian.install
Nokia Radio Application - Preset,application/vnd.nokia.radio-preset,.rpst,IANA: Nokia Radio Application,http://www.iana.org/assignments/media-types/application/vnd.nokia.radio-preset
Nokia Radio Application - Preset,application/vnd.nokia.radio-presets,.rpss,IANA: Nokia Radio Application,http://www.iana.org/assignments/media-types/application/vnd.nokia.radio-presets
Novadigm's RADIA and EDM products,application/vnd.novadigm.edm,.edm,IANA: Novadigm's RADIA and EDM products,http://www.iana.org/assignments/media-types/application/vnd.novadigm.EDM
Novadigm's RADIA and EDM products,application/vnd.novadigm.edx,.edx,IANA: Novadigm's RADIA and EDM products,http://www.iana.org/assignments/media-types/application/vnd.novadigm.EDX
Novadigm's RADIA and EDM products,application/vnd.novadigm.ext,.ext,IANA: Novadigm's RADIA and EDM products,http://www.iana.org/assignments/media-types/application/vnd.novadigm.EXT
OpenDocument Chart,application/vnd.oasis.opendocument.chart,.odc,IANA: OpenDocument Chart,http://www.iana.org/assignments/media-types/application/vnd.oasis.opendocument.chart
OpenDocument Chart Template,application/vnd.oasis.opendocument.chart-template,.otc,IANA: OpenDocument Chart Template,http://www.iana.org/assignments/media-types/application/vnd.oasis.opendocument.chart-template
OpenDocument Database,application/vnd.oasis.opendocument.database,.odb,IANA: OpenDocument Database,http://www.iana.org/assignments/media-types/application/vnd.oasis.opendocument.database
OpenDocument Formula,application/vnd.oasis.opendocument.formula,.odf,IANA: OpenDocument Formula,http://www.iana.org/assignments/media-types/application/vnd.oasis.opendocument.formula
OpenDocument Formula Template,application/vnd.oasis.opendocument.formula-template,.odft,IANA: OpenDocument Formula Template,http://www.iana.org/assignments/media-types/application/vnd.oasis.opendocument.formula-template
OpenDocument Graphics,application/vnd.oasis.opendocument.graphics,.odg,IANA: OpenDocument Graphics,http://www.iana.org/assignments/media-types/application/vnd.oasis.opendocument.graphics
OpenDocument Graphics Template,application/vnd.oasis.opendocument.graphics-template,.otg,IANA: OpenDocument Graphics Template,http://www.iana.org/assignments/media-types/application/vnd.oasis.opendocument.graphics-template
OpenDocument Image,application/vnd.oasis.opendocument.image,.odi,IANA: OpenDocument Image,http://www.iana.org/assignments/media-types/application/vnd.oasis.opendocument.image
OpenDocument Image Template,application/vnd.oasis.opendocument.image-template,.oti,IANA: OpenDocument Image Template,http://www.iana.org/assignments/media-types/application/vnd.oasis.opendocument.image-template
OpenDocument Presentation,application/vnd.oasis.opendocument.presentation,.odp,IANA: OpenDocument Presentation,http://www.iana.org/assignments/media-types/application/vnd.oasis.opendocument.presentation
OpenDocument Presentation Template,application/vnd.oasis.opendocument.presentation-template,.otp,IANA: OpenDocument Presentation Template,http://www.iana.org/assignments/media-types/application/vnd.oasis.opendocument.presentation-template
OpenDocument Spreadsheet,application/vnd.oasis.opendocument.spreadsheet,.ods,IANA: OpenDocument Spreadsheet,http://www.iana.org/assignments/media-types/application/vnd.oasis.opendocument.spreadsheet
OpenDocument Spreadsheet Template,application/vnd.oasis.opendocument.spreadsheet-template,.ots,IANA: OpenDocument Spreadsheet Template,http://www.iana.org/assignments/media-types/application/vnd.oasis.opendocument.spreadsheet-template
OpenDocument Text,application/vnd.oasis.opendocument.text,.odt,IANA: OpenDocument Text,http://www.iana.org/assignments/media-types/application/vnd.oasis.opendocument.text
OpenDocument Text Master,application/vnd.oasis.opendocument.text-master,.odm,IANA: OpenDocument Text Master,http://www.iana.org/assignments/media-types/application/vnd.oasis.opendocument.text-master
OpenDocument Text Template,application/vnd.oasis.opendocument.text-template,.ott,IANA: OpenDocument Text Template,http://www.iana.org/assignments/media-types/application/vnd.oasis.opendocument.text-template
Open Document Text Web,application/vnd.oasis.opendocument.text-web,.oth,IANA: OpenDocument Text Web,http://www.iana.org/assignments/media-types/application/vnd.oasis.opendocument.text-web
Sugar Linux Application Bundle,application/vnd.olpc-sugar,.xo,IANA: Sugar Linux App Bundle,http://www.iana.org/assignments/media-types/application/vnd.olpc-sugar
OMA Download Agents,application/vnd.oma.dd2+xml,.dd2,IANA: OMA Download Agents,http://www.iana.org/assignments/media-types/application/vnd.oma.dd2+xml
Open Office Extension,application/vnd.openofficeorg.extension,.oxt,IANA: Open Office Extension,http://www.iana.org/assignments/media-types/application/vnd.openofficeorg.extension
Microsoft Office - OOXML - Presentation,application/vnd.openxmlformats-officedocument.presentationml.presentation,.pptx,IANA: OOXML - Presentation,http://www.iana.org/assignments/media-types/application/vnd.openxmlformats-officedocument.presentationml.presentation
Microsoft Office - OOXML - Presentation (Slide),application/vnd.openxmlformats-officedocument.presentationml.slide,.sldx,IANA: OOXML - Presentation,http://www.iana.org/assignments/media-types/application/vnd.openxmlformats-officedocument.presentationml.slide
Microsoft Office - OOXML - Presentation (Slideshow),application/vnd.openxmlformats-officedocument.presentationml.slideshow,.ppsx,IANA: OOXML - Presentation,http://www.iana.org/assignments/media-types/application/vnd.openxmlformats-officedocument.presentationml.slideshow
Microsoft Office - OOXML - Presentation Template,application/vnd.openxmlformats-officedocument.presentationml.template,.potx,IANA: OOXML - Presentation Template,http://www.iana.org/assignments/media-types/application/vnd.openxmlformats-officedocument.presentationml.template
Microsoft Office - OOXML - Spreadsheet,application/vnd.openxmlformats-officedocument.spreadsheetml.sheet,.xlsx,IANA: OOXML - Spreadsheet,http://www.iana.org/assignments/media-types/application/vnd.openxmlformats-officedocument.spreadsheetml.sheet
Microsoft Office - OOXML - Spreadsheet Template,application/vnd.openxmlformats-officedocument.spreadsheetml.template,.xltx,IANA: OOXML - Spreadsheet Template,http://www.iana.org/assignments/media-types/application/vnd.openxmlformats-officedocument.spreadsheetml.template
Microsoft Office - OOXML - Word Document,application/vnd.openxmlformats-officedocument.wordprocessingml.document,.docx,IANA: OOXML - Word Document,http://www.iana.org/assignments/media-types/application/vnd.openxmlformats-officedocument.wordprocessingml.document
Microsoft Office - OOXML - Word Document Template,application/vnd.openxmlformats-officedocument.wordprocessingml.template,.dotx,IANA: OOXML - Word Document Template,http://www.iana.org/assignments/media-types/application/vnd.openxmlformats-officedocument.wordprocessingml.template
MapGuide DBXML,application/vnd.osgeo.mapguide.package,.mgp,IANA: MapGuide DBXML,http://www.iana.org/assignments/media-types/application/vnd.osgeo.mapguide.package
OSGi Deployment Package,application/vnd.osgi.dp,.dp,IANA: OSGi Deployment Package,http://www.iana.org/assignments/media-types/application/vnd.osgi.dp
PalmOS Data,application/vnd.palm,.pdb,IANA: PalmOS Data,http://www.iana.org/assignments/media-types/application/vnd.palm
PawaaFILE,application/vnd.pawaafile,.paw,IANA: PawaaFILE,http://www.iana.org/assignments/media-types/application/vnd.pawaafile
Proprietary P&G Standard Reporting System,application/vnd.pg.format,.str,IANA: Proprietary P&G Standard Reporting System,http://www.iana.org/assignments/media-types/application/vnd.pg.format
Proprietary P&G Standard Reporting System,application/vnd.pg.osasli,.ei6,IANA: Proprietary P&G Standard Reporting System,http://www.iana.org/assignments/media-types/application/vnd.pg.osasli
Pcsel eFIF File,application/vnd.picsel,.efif,IANA: Picsel eFIF File,http://www.iana.org/assignments/media-types/application/vnd.picsel
Qualcomm's Plaza Mobile Internet,application/vnd.pmi.widget,.wg,IANA: Qualcomm's Plaza Mobile Internet,http://www.iana.org/assignments/media-types/application/vnd.pmi.widget
PocketLearn Viewers,application/vnd.pocketlearn,.plf,IANA: PocketLearn Viewers,http://www.iana.org/assignments/media-types/application/vnd.pocketlearn
PowerBuilder,application/vnd.powerbuilder6,.pbd,IANA: PowerBuilder,http://www.iana.org/assignments/media-types/application/vnd.powerbuilder6
Preview Systems ZipLock/VBox,application/vnd.previewsystems.box,.box,IANA: Preview Systems ZipLock/Vbox,http://www.iana.org/assignments/media-types/application/vnd.previewsystems.box
EFI Proteus,application/vnd.proteus.magazine,.mgz,IANA: EFI Proteus,http://www.iana.org/assignments/media-types/application/vnd.proteus.magazine
PubliShare Objects,application/vnd.publishare-delta-tree,.qps,IANA: PubliShare Objects,http://www.iana.org/assignments/media-types/application/vnd.publishare-delta-tree
Princeton Video Image,application/vnd.pvi.ptid1,.ptid,IANA: Princeton Video Image,http://www.iana.org/assignments/media-types/application/vnd.pvi.ptid1
QuarkXpress,application/vnd.quark.quarkxpress,.qxd,IANA: QuarkXPress,http://www.iana.org/assignments/media-types/application/vnd.Quark.QuarkXPress
RealVNC,application/vnd.realvnc.bed,.bed,IANA: RealVNC,http://www.iana.org/assignments/media-types/application/vnd.realvnc.bed
Recordare Applications,application/vnd.recordare.musicxml,.mxl,IANA: Recordare Apps,http://www.iana.org/assignments/media-types/application/vnd.recordare.musicxml
Recordare Applications,application/vnd.recordare.musicxml+xml,.musicxml,IANA: Recordare Apps,http://www.iana.org/assignments/media-types/application/vnd.recordare.musicxml+xml
CryptoNote,application/vnd.rig.cryptonote,.cryptonote,IANA: CryptoNote,http://www.iana.org/assignments/media-types/application/vnd.rig.cryptonote
Blackberry COD File,application/vnd.rim.cod,.cod,,https://www.freeformatter.com/mime-types-list.html
RealMedia,application/vnd.rn-realmedia,.rm,,https://www.freeformatter.com/mime-types-list.html
ROUTE 66 Location Based Services,application/vnd.route66.link66+xml,.link66,IANA: ROUTE 66,http://www.iana.org/assignments/media-types/application/vnd.route66.link66+xml
SailingTracker,application/vnd.sailingtracker.track,.st,IANA: SailingTracker,http://www.iana.org/assignments/media-types/application/vnd.sailingtracker.track
SeeMail,application/vnd.seemail,.see,IANA: SeeMail,http://www.iana.org/assignments/media-types/application/vnd.seemail
Secured eMail,application/vnd.sema,.sema,IANA: Secured eMail,http://www.iana.org/assignments/media-types/application/vnd.sema
Secured eMail,application/vnd.semd,.semd,IANA: Secured eMail,http://www.iana.org/assignments/media-types/application/vnd.semd
Secured eMail,application/vnd.semf,.semf,IANA: Secured eMail,http://www.iana.org/assignments/media-types/application/vnd.semf
Shana Informed Filler,application/vnd.shana.informed.formdata,.ifm,IANA: Shana Informed Filler,http://www.iana.org/assignments/media-types/application/vnd.shana.informed.formdata
Shana Informed Filler,application/vnd.shana.informed.formtemplate,.itp,IANA: Shana Informed Filler,http://www.iana.org/assignments/media-types/application/vnd.shana.informed.formtemplate
Shana Informed Filler,application/vnd.shana.informed.interchange,.iif,IANA: Shana Informed Filler,http://www.iana.org/assignments/media-types/application/vnd.shana.informed.interchange
Shana Informed Filler,application/vnd.shana.informed.package,.ipk,IANA: Shana Informed Filler,http://www.iana.org/assignments/media-types/application/vnd.shana.informed.package
SimTech MindMapper,application/vnd.simtech-mindmapper,.twd,IANA: SimTech MindMapper,http://www.iana.org/assignments/media-types/application/vnd.SimTech-MindMapper
SMAF File,application/vnd.smaf,.mmf,IANA: SMAF File,http://www.iana.org/assignments/media-types/application/vnd.smaf
SMART Technologies Apps,application/vnd.smart.teacher,.teacher,IANA: SMART Technologies Apps,http://www.iana.org/assignments/media-types/application/vnd.smart.teacher
SudokuMagic,application/vnd.solent.sdkm+xml,.sdkm,IANA: SudokuMagic,http://www.iana.org/assignments/media-types/application/vnd.solent.sdkm+xml
TIBCO Spotfire,application/vnd.spotfire.dxp,.dxp,IANA: TIBCO Spotfire,http://www.iana.org/assignments/media-types/application/vnd.spotfire.dxp
TIBCO Spotfire,application/vnd.spotfire.sfs,.sfs,IANA: TIBCO Spotfire,http://www.iana.org/assignments/media-types/application/vnd.spotfire.sfs
StarOffice - Calc,application/vnd.stardivision.calc,.sdc,,https://www.freeformatter.com/mime-types-list.html
StarOffice - Draw,application/vnd.stardivision.draw,.sda,,https://www.freeformatter.com/mime-types-list.html
StarOffice - Impress,application/vnd.stardivision.impress,.sdd,,https://www.freeformatter.com/mime-types-list.html
StarOffice - Math,application/vnd.stardivision.math,.smf,,https://www.freeformatter.com/mime-types-list.html
StarOffice - Writer,application/vnd.stardivision.writer,.sdw,,https://www.freeformatter.com/mime-types-list.html
StarOffice - Writer  (Global),application/vnd.stardivision.writer-global,.sgl,,https://www.freeformatter.com/mime-types-list.html
StepMania,application/vnd.stepmania.stepchart,.sm,IANA: StepMania,http://www.iana.org/assignments/media-types/application/vnd.stepmania.stepchart
OpenOffice - Calc (Spreadsheet),application/vnd.sun.xml.calc,.sxc,Wikipedia: OpenOffice,https://en.wikipedia.org/wiki/OpenOffice.org_XML
OpenOffice - Calc Template (Spreadsheet),application/vnd.sun.xml.calc.template,.stc,Wikipedia: OpenOffice,https://en.wikipedia.org/wiki/OpenOffice.org_XML
OpenOffice - Draw (Graphics),application/vnd.sun.xml.draw,.sxd,Wikipedia: OpenOffice,https://en.wikipedia.org/wiki/OpenOffice.org_XML
OpenOffice - Draw Template (Graphics),application/vnd.sun.xml.draw.template,.std,Wikipedia: OpenOffice,https://en.wikipedia.org/wiki/OpenOffice.org_XML
OpenOffice - Impress (Presentation),application/vnd.sun.xml.impress,.sxi,Wikipedia: OpenOffice,https://en.wikipedia.org/wiki/OpenOffice.org_XML
OpenOffice - Impress Template (Presentation),application/vnd.sun.xml.impress.template,.sti,Wikipedia: OpenOffice,https://en.wikipedia.org/wiki/OpenOffice.org_XML
OpenOffice - Math (Formula),application/vnd.sun.xml.math,.sxm,Wikipedia: OpenOffice,https://en.wikipedia.org/wiki/OpenOffice.org_XML
OpenOffice - Writer (Text - HTML),application/vnd.sun.xml.writer,.sxw,Wikipedia: OpenOffice,https://en.wikipedia.org/wiki/OpenOffice.org_XML
OpenOffice - Writer (Text - HTML),application/vnd.sun.xml.writer.global,.sxg,Wikipedia: OpenOffice,https://en.wikipedia.org/wiki/OpenOffice.org_XML
OpenOffice - Writer Template (Text - HTML),application/vnd.sun.xml.writer.template,.stw,Wikipedia: OpenOffice,https://en.wikipedia.org/wiki/OpenOffice.org_XML
ScheduleUs,application/vnd.sus-calendar,.sus,IANA: ScheduleUs,http://www.iana.org/assignments/media-types/application/vnd.sus-calendar
SourceView Document,application/vnd.svd,.svd,IANA: SourceView Document,http://www.iana.org/assignments/media-types/application/vnd.svd
Symbian Install Package,application/vnd.symbian.install,.sis,IANA: Symbian Install,http://www.iana.org/assignments/media-types/application/vnd.nokia.n-gage.symbian.install
SyncML,application/vnd.syncml+xml,.xsm,IANA: SyncML,http://www.iana.org/assignments/media-types/application/vnd.syncml+xml
SyncML - Device Management,application/vnd.syncml.dm+wbxml,.bdm,IANA: SyncML,http://www.iana.org/assignments/media-types/application/vnd.syncml.dm+wbxml
SyncML - Device Management,application/vnd.syncml.dm+xml,.xdm,IANA: SyncML,http://www.iana.org/assignments/media-types/application/vnd.syncml.dm+xml
Tao Intent,application/vnd.tao.intent-module-archive,.tao,IANA: Tao Intent,http://www.iana.org/assignments/media-types/application/vnd.tao.intent-module-archive
MobileTV,application/vnd.tmobile-livetv,.tmo,IANA: MobileTV,http://www.iana.org/assignments/media-types/application/vnd.tmobile-livetv
TRI Systems Config,application/vnd.trid.tpt,.tpt,IANA: TRI Systems,http://www.iana.org/assignments/media-types/application/vnd.trid.tpt
Triscape Map Explorer,application/vnd.triscape.mxs,.mxs,IANA: Triscape Map Explorer,http://www.iana.org/assignments/media-types/application/vnd.triscape.mxs
True BASIC,application/vnd.trueapp,.tra,IANA: True BASIC,http://www.iana.org/assignments/media-types/application/vnd.trueapp
Universal Forms Description Language,application/vnd.ufdl,.ufd,IANA: Universal Forms Description Language,http://www.iana.org/assignments/media-types/application/vnd.ufdl
User Interface Quartz - Theme (Symbian),application/vnd.uiq.theme,.utz,IANA: User Interface Quartz,http://www.iana.org/assignments/media-types/application/vnd.uiq.theme
UMAJIN,application/vnd.umajin,.umj,IANA: UMAJIN,http://www.iana.org/assignments/media-types/application/vnd.umajin
Unity 3d,application/vnd.unity,.unityweb,IANA: Unity 3d,http://www.iana.org/assignments/media-types/application/vnd.unity
Unique Object Markup Language,application/vnd.uoml+xml,.uoml,IANA: UOML,http://www.iana.org/assignments/media-types/application/vnd.uoml+xml
VirtualCatalog,application/vnd.vcx,.vcx,IANA: VirtualCatalog,http://www.iana.org/assignments/media-types/application/vnd.vcx
Microsoft Visio,application/vnd.visio,.vsd,IANA: Visio,http://www.iana.org/assignments/media-types/application/vnd.visio
Microsoft Visio 2013,application/vnd.visio2013,.vsdx,IANA: Visio,http://www.iana.org/assignments/media-types/application/vnd.visio
Visionary,application/vnd.visionary,.vis,IANA: Visionary,http://www.iana.org/assignments/media-types/application/vnd.visionary
Viewport+,application/vnd.vsf,.vsf,IANA: Viewport+,http://www.iana.org/assignments/media-types/application/vnd.vsf
WAP Binary XML (WBXML),application/vnd.wap.wbxml,.wbxml,IANA: WBXML,http://www.iana.org/assignments/media-types/application/vnd.wap-wbxml
Compiled Wireless Markup Language (WMLC),application/vnd.wap.wmlc,.wmlc,IANA: WMLC,http://www.iana.org/assignments/media-types/application/vnd-wap-wmlc
WMLScript,application/vnd.wap.wmlscriptc,.wmlsc,IANA: WMLScript,http://www.iana.org/assignments/media-types/application/vnd.wap.wmlscriptc
WebTurbo,application/vnd.webturbo,.wtb,IANA: WebTurbo,http://www.iana.org/assignments/media-types/application/vnd.webturbo
Mathematica Notebook Player,application/vnd.wolfram.player,.nbp,IANA: Mathematica Notebook Player,http://www.iana.org/assignments/media-types/application/vnd.wolfram.player
Wordperfect,application/vnd.wordperfect,.wpd,IANA: Wordperfect,http://www.iana.org/assignments/media-types/application/vnd.wordperfect
SundaHus WQ,application/vnd.wqd,.wqd,IANA: SundaHus WQ,http://www.iana.org/assignments/media-types/application/vnd.wqd
Worldtalk,application/vnd.wt.stf,.stf,IANA: Worldtalk,http://www.iana.org/assignments/media-types/application/vnd.wt.stf
CorelXARA,application/vnd.xara,.xar,IANA: CorelXARA,http://www.iana.org/assignments/media-types/application/vnd.xara
Extensible Forms Description Language,application/vnd.xfdl,.xfdl,IANA: Extensible Forms Description Language,http://www.iana.org/assignments/media-types/application/vnd.xfdl
HV Voice Dictionary,application/vnd.yamaha.hv-dic,.hvd,IANA: HV Voice Dictionary,http://www.iana.org/assignments/media-types/application/vnd.yamaha.hv-dic
HV Script,application/vnd.yamaha.hv-script,.hvs,IANA: HV Script,http://www.iana.org/assignments/media-types/application/vnd.yamaha.hv-script
HV Voice Parameter,application/vnd.yamaha.hv-voice,.hvp,IANA: HV Voice Parameter,http://www.iana.org/assignments/media-types/application/vnd.yamaha.hv-voice
Open Score Format,application/vnd.yamaha.openscoreformat,.osf,IANA: Open Score Format,http://www.iana.org/assignments/media-types/application/vnd.yamaha.openscoreformat
OSFPVG,application/vnd.yamaha.openscoreformat.osfpvg+xml,.osfpvg,IANA: OSFPVG,http://www.iana.org/assignments/media-types/application/vnd.yamaha.openscoreformat.osfpvg+xml
SMAF Audio,application/vnd.yamaha.smaf-audio,.saf,IANA: SMAF Audio,http://www.iana.org/assignments/media-types/application/vnd.yamaha.smaf-audio
SMAF Phrase,application/vnd.yamaha.smaf-phrase,.spf,IANA: SMAF Phrase,http://www.iana.org/assignments/media-types/application/vnd.yamaha.smaf-phrase
CustomMenu,application/vnd.yellowriver-custom-menu,.cmp,IANA: CustomMenu,http://www.iana.org/assignments/media-types/application/vnd.yellowriver-custom-menu
Z.U.L. Geometry,application/vnd.zul,.zir,IANA: Z.U.L.,http://www.iana.org/assignments/media-types/application/vnd.zul
Zzazz Deck,application/vnd.zzazz.deck+xml,.zaz,IANA: Zzazz,http://www.iana.org/assignments/media-types/application/vnd.zzazz.deck+xml
VoiceXML,application/voicexml+xml,.vxml,RFC 4267,http://tools.ietf.org/html/rfc4267
Widget Packaging and XML Configuration,application/widget,.wgt,W3C Widget Packaging and XML Configuration,http://www.w3.org/TR/widgets/#media-type-registration-for-applicationw
WinHelp,application/winhlp,.hlp,Wikipedia: WinHelp,https://en.wikipedia.org/wiki/WinHelp
WSDL - Web Services Description Language,application/wsdl+xml,.wsdl,W3C Web Service Description Language,http://www.iana.org/assignments/media-types/application/wsdl+xml
Web Services Policy,application/wspolicy+xml,.wspolicy,W3C Web Services Policy,http://www.w3.org/Submission/WS-Policy/
7-Zip,application/x-7z-compressed,.7z,Wikipedia: 7-Zip,https://en.wikipedia.org/wiki/7-Zip
AbiWord,application/x-abiword,.abw,Wikipedia: AbiWord,https://en.wikipedia.org/wiki/AbiWord
Ace Archive,application/x-ace-compressed,.ace,Wikipedia: ACE,https://en.wikipedia.org/wiki/ACE_%28file_format%29
Adobe (Macropedia) Authorware - Binary File,application/x-authorware-bin,.aab,Wikipedia: Authorware,https://en.wikipedia.org/wiki/Macromedia_Authorware
Adobe (Macropedia) Authorware - Map,application/x-authorware-map,.aam,Wikipedia: Authorware,https://en.wikipedia.org/wiki/Macromedia_Authorware
Adobe (Macropedia) Authorware - Segment File,application/x-authorware-seg,.aas,Wikipedia: Authorware,https://en.wikipedia.org/wiki/Macromedia_Authorware
Binary CPIO Archive,application/x-bcpio,.bcpio,Wikipedia: cpio,https://en.wikipedia.org/wiki/Cpio
BitTorrent,application/x-bittorrent,.torrent,Wikipedia: BitTorrent,https://en.wikipedia.org/wiki/BitTorrent_%28protocol%29
Bzip Archive,application/x-bzip,.bz,Wikipedia: Bzip,https://en.wikipedia.org/wiki/Bzip
Bzip2 Archive,application/x-bzip2,.bz2,Wikipedia: Bzip,https://en.wikipedia.org/wiki/Bzip
Video CD,application/x-cdlink,.vcd,Wikipedia: Video CD,https://en.wikipedia.org/wiki/Video_CD
pIRCh,application/x-chat,.chat,Wikipedia: pIRCh,https://en.wikipedia.org/wiki/PIRCH
Portable Game Notation (Chess Games),application/x-chess-pgn,.pgn,Wikipedia: Portable Game Notationb,https://en.wikipedia.org/wiki/Portable_Game_Notation
CPIO Archive,application/x-cpio,.cpio,Wikipedia: cpio,https://en.wikipedia.org/wiki/Cpio
C Shell Script,application/x-csh,.csh,Wikipedia: C Shell,https://en.wikipedia.org/wiki/C_shell
Debian Package,application/x-debian-package,.deb,Wikipedia: Debian Package,https://en.wikipedia.org/wiki/Debian_package
Adobe Shockwave Player,application/x-director,.dir,Wikipedia: Adobe Shockwave Player,https://en.wikipedia.org/wiki/Adobe_Shockwave_Player
Doom Video Game,application/x-doom,.wad,Wikipedia: Doom WAD,https://en.wikipedia.org/wiki/Doom_wad
Navigation Control file for XML (for ePub),application/x-dtbncx+xml,.ncx,Wikipedia: EPUB,https://en.wikipedia.org/wiki/EPUB
Digital Talking Book,application/x-dtbook+xml,.dtb,Wikipedia: EPUB,https://en.wikipedia.org/wiki/EPUB
Digital Talking Book - Resource File,application/x-dtbresource+xml,.res,Digital Talking Book,http://www.daisy.org/z3986/2005/Z3986-2005.html
Device Independent File Format (DVI),application/x-dvi,.dvi,Wikipedia: DVI,https://en.wikipedia.org/wiki/Device_independent_file_format
Glyph Bitmap Distribution Format,application/x-font-bdf,.bdf,Wikipedia: Glyph Bitmap Distribution Format,https://en.wikipedia.org/wiki/Glyph_Bitmap_Distribution_Format
Ghostscript Font,application/x-font-ghostscript,.gsf,Wikipedia: Ghostscript,https://en.wikipedia.org/wiki/Ghostscript
PSF Fonts,application/x-font-linux-psf,.psf,PSF Fonts,http://www.win.tue.nl/~aeb/linux/kbd/font-formats-1.html
OpenType Font File,application/x-font-otf,.otf,OpenType Font File,http://www.microsoft.com/typography/otspec/otff.htm
Portable Compiled Format,application/x-font-pcf,.pcf,Wikipedia: Portable Compiled Format,https://en.wikipedia.org/wiki/Portable_Compiled_Format
Server Normal Format,application/x-font-snf,.snf,Wikipedia: Server Normal Format,https://en.wikipedia.org/wiki/Server_Normal_Format
TrueType Font,application/x-font-ttf,.ttf,Wikipedia: TrueType,https://en.wikipedia.org/wiki/TrueType
PostScript Fonts,application/x-font-type1,.pfa,Wikipedia: PostScript Fonts,https://en.wikipedia.org/wiki/PostScript_fonts
Web Open Font Format,application/x-font-woff,.woff,Wikipedia: Web Open Font Format,https://en.wikipedia.org/wiki/Woff
FutureSplash Animator,application/x-futuresplash,.spl,Wikipedia: FutureSplash Animator,https://en.wikipedia.org/wiki/FutureSplash_Animator
Gnumeric,application/x-gnumeric,.gnumeric,Wikipedia: Gnumeric,https://en.wikipedia.org/wiki/Gnumeric
GNU Tar Files,application/x-gtar,.gtar,GNU Tar,http://www.gnu.org/software/tar/
Hierarchical Data Format,application/x-hdf,.hdf,Wikipedia: Hierarchical Data Format,https://en.wikipedia.org/wiki/Hierarchical_Data_Format
Java Network Launching Protocol,application/x-java-jnlp-file,.jnlp,Wikipedia: Java Web Start,https://en.wikipedia.org/wiki/Java_Web_Start
LaTeX,application/x-latex,.latex,Wikipedia: LaTeX,https://en.wikipedia.org/wiki/LaTeX
Mobipocket,application/x-mobipocket-ebook,.prc,Wikipedia: Mobipocket,https://en.wikipedia.org/wiki/Mobipocket
Microsoft ClickOnce,application/x-ms-application,.application,Wikipedia: ClickOnce,https://en.wikipedia.org/wiki/ClickOnce
Microsoft Windows Media Player Download Package,application/x-ms-wmd,.wmd,Wikipedia: Windows Media Player,https://en.wikipedia.org/wiki/Windows_Media_Player
Microsoft Windows Media Player Skin Package,application/x-ms-wmz,.wmz,Wikipedia: Windows Media Player,https://en.wikipedia.org/wiki/Windows_Media_Player
Microsoft XAML Browser Application,application/x-ms-xbap,.xbap,Wikipedia: XAML Browser,https://en.wikipedia.org/wiki/XAML_Browser_Applications
Microsoft Access,application/x-msaccess,.mdb,Wikipedia: Microsoft Access,https://en.wikipedia.org/wiki/Microsoft_Access
Microsoft Office Binder,application/x-msbinder,.obd,Wikipedia: Microsoft Shared Tools,https://en.wikipedia.org/wiki/Microsoft_Office_shared_tools
Microsoft Information Card,application/x-mscardfile,.crd,Wikipedia: Information Card,https://en.wikipedia.org/wiki/Information_Card
Microsoft Clipboard Clip,application/x-msclip,.clp,Wikipedia: Clipboard,https://en.wikipedia.org/wiki/Clipboard_%28computing%29
Microsoft Application,application/x-msdownload,.exe,Wikipedia: EXE,https://en.wikipedia.org/wiki/EXE
Microsoft MediaView,application/x-msmediaview,.mvb,Windows Help,http://www.herdsoft.com/ti/winhelpcgi/winhelpcgi.cgi/helpfiles/english/hlp2rtf.hlp/id/id_purpose.html
Microsoft Windows Metafile,application/x-msmetafile,.wmf,Wikipedia: Windows Metafile,https://en.wikipedia.org/wiki/Windows_Metafile
Microsoft Money,application/x-msmoney,.mny,Wikipedia: Microsoft Money,https://en.wikipedia.org/wiki/Microsoft_money
Microsoft Publisher,application/x-mspublisher,.pub,Wikipedia: Microsoft Publisher,https://en.wikipedia.org/wiki/Microsoft_Publisher
Microsoft Schedule+,application/x-msschedule,.scd,Wikipedia: Microsoft Schedule Plus,https://en.wikipedia.org/wiki/Microsoft_Schedule_Plus
Microsoft Windows Terminal Services,application/x-msterminal,.trm,Wikipedia: Terminal Server,https://en.wikipedia.org/wiki/Remote_Desktop_Services#Terminal_Server
Microsoft Wordpad,application/x-mswrite,.wri,Wikipedia: Wordpad,https://en.wikipedia.org/wiki/Wordpad
Network Common Data Form (NetCDF),application/x-netcdf,.nc,Wikipedia: NetCDF,https://en.wikipedia.org/wiki/NetCDF
PKCS #12 - Personal Information Exchange Syntax Standard,application/x-pkcs12,.p12,RFC 2986,http://tools.ietf.org/html/rfc2986
PKCS #7 - Cryptographic Message Syntax Standard (Certificates),application/x-pkcs7-certificates,.p7b,RFC 2986,http://tools.ietf.org/html/rfc2986
PKCS #7 - Cryptographic Message Syntax Standard (Certificate Request Response),application/x-pkcs7-certreqresp,.p7r,RFC 2986,http://tools.ietf.org/html/rfc2986
RAR Archive,application/x-rar-compressed,.rar,Wikipedia: RAR,https://en.wikipedia.org/wiki/Rar
Bourne Shell Script,application/x-sh,.sh,Wikipedia: Bourne Shell,https://en.wikipedia.org/wiki/Bourne_shell
Shell Archive,application/x-shar,.shar,Wikipedia: Shell Archie,https://en.wikipedia.org/wiki/Shar
Adobe Flash,application/x-shockwave-flash,.swf,Wikipedia: Adobe Flash,https://en.wikipedia.org/wiki/Swf
Microsoft Silverlight,application/x-silverlight-app,.xap,Wikipedia: Silverlight,https://en.wikipedia.org/wiki/Silverlight
Stuffit Archive,application/x-stuffit,.sit,Wikipedia: Stuffit,https://en.wikipedia.org/wiki/Stuffit
Stuffit Archive,application/x-stuffitx,.sitx,Wikipedia: Stuffit,https://en.wikipedia.org/wiki/Stuffit
System V Release 4 CPIO Archive,application/x-sv4cpio,.sv4cpio,Wikipedia: pax,https://en.wikipedia.org/wiki/Pax_%28Unix%29
System V Release 4 CPIO Checksum Data,application/x-sv4crc,.sv4crc,Wikipedia: pax,https://en.wikipedia.org/wiki/Pax_%28Unix%29
Tar File (Tape Archive),application/x-tar,.tar,Wikipedia: Tar,https://en.wikipedia.org/wiki/Tar_file
Tcl Script,application/x-tcl,.tcl,Wikipedia: Tcl,https://en.wikipedia.org/wiki/Tcl
TeX,application/x-tex,.tex,Wikipedia: TeX,https://en.wikipedia.org/wiki/TeX
TeX Font Metric,application/x-tex-tfm,.tfm,Wikipedia: TeX Font Metric,https://en.wikipedia.org/wiki/TeX_font_metric
GNU Texinfo Document,application/x-texinfo,.texinfo,Wikipedia: Texinfo,https://en.wikipedia.org/wiki/Texinfo
Ustar (Uniform Standard Tape Archive),application/x-ustar,.ustar,Wikipedia: Ustar,https://en.wikipedia.org/wiki/Ustar#UStar_format
WAIS Source,application/x-wais-source,.src,YoLinux,http://www.yolinux.com/TUTORIALS/notes_wais.html
X.509 Certificate,application/x-x509-ca-cert,.der,Wikipedia: X.509,https://en.wikipedia.org/wiki/X.509
Xfig,application/x-xfig,.fig,Wikipedia: Xfig,https://en.wikipedia.org/wiki/Xfig
XPInstall - Mozilla,application/x-xpinstall,.xpi,Wikipedia: XPI,https://en.wikipedia.org/wiki/XPI
XML Configuration Access Protocol - XCAP Diff,application/xcap-diff+xml,.xdf,Wikipedia: XCAP,https://en.wikipedia.org/wiki/XCAP
XML Encryption Syntax and Processing,application/xenc+xml,.xenc,W3C XML Encryption Syntax and Processing,http://www.w3.org/TR/xmlenc-core/
XHTML - The Extensible HyperText Markup Language,application/xhtml+xml,.xhtml,W3C XHTML,http://www.w3.org/TR/xhtml1/
XML - Extensible Markup Language,application/xml,.xml,W3C XML,http://www.w3.org/XML/
Document Type Definition,application/xml-dtd,.dtd,W3C DTD,http://www.w3.org/TR/html4/sgml/dtd.html
XML-Binary Optimized Packaging,application/xop+xml,.xop,W3C XOP,http://www.w3.org/TR/xop10/
XML Transformations,application/xslt+xml,.xslt,W3C XSLT,http://www.w3.org/TR/xslt
XSPF - XML Shareable Playlist Format,application/xspf+xml,.xspf,XML Shareable Playlist Format,http://www.xspf.org/quickstart/
MXML,application/xv+xml,.mxml,Wikipedia: MXML,https://en.wikipedia.org/wiki/MXML
YANG Data Modeling Language,application/yang,.yang,Wikipedia: YANG,https://en.wikipedia.org/wiki/YANG
YIN (YANG - XML),application/yin+xml,.yin,Wikipedia: YANG,https://en.wikipedia.org/wiki/YANG
Zip Archive,application/zip,.zip,Wikipedia: Zip,https://en.wikipedia.org/wiki/ZIP_%28file_format%29
Adaptive differential pulse-code modulation,audio/adpcm,.adp,Wikipedia: ADPCM,https://en.wikipedia.org/wiki/ADPCM
Sun Audio - Au file format,audio/basic,.au,Wikipedia: Sun audio,https://en.wikipedia.org/wiki/Sun_Audio
MIDI - Musical Instrument Digital Interface,audio/midi,.mid,Wikipedia: MIDI,https://en.wikipedia.org/wiki/Midi
MPEG-4 Audio,audio/mp4,.mp4a,Wikipedia: MP4A,https://en.wikipedia.org/wiki/Mp4a
MPEG Audio,audio/mpeg,.mpga,Wikipedia: MPGA,https://en.wikipedia.org/wiki/MPEG-1_Audio_Layer_II
Ogg Audio,audio/ogg,.oga,Wikipedia: Ogg,https://en.wikipedia.org/wiki/Ogg
DECE Audio,audio/vnd.dece.audio,.uva,IANA: Dece Audio,http://www.iana.org/assignments/media-types/audio/vnd.dece.audio
Digital Winds Music,audio/vnd.digital-winds,.eol,IANA: Digital Winds,http://www.iana.org/assignments/media-types/audio/vnd.digital-winds
DRA Audio,audio/vnd.dra,.dra,IANA: DRA,http://www.iana.org/assignments/media-types/audio/vnd.dra
DTS Audio,audio/vnd.dts,.dts,IANA: DTS,http://www.iana.org/assignments/media-types/audio/vnd.dts
DTS High Definition Audio,audio/vnd.dts.hd,.dtshd,IANA: DTS HD,http://www.iana.org/assignments/media-types/audio/vnd.dts.hd
Lucent Voice,audio/vnd.lucent.voice,.lvp,IANA: Lucent Voice,http://www.iana.org/assignments/media-types/audio/vnd.lucent.voice
Microsoft PlayReady Ecosystem,audio/vnd.ms-playready.media.pya,.pya,IANA: Microsoft PlayReady Ecosystem,http://www.iana.org/assignments/media-types/audio/vnd.ms-playready.media.pya
Nuera ECELP 4800,audio/vnd.nuera.ecelp4800,.ecelp4800,IANA: ECELP 4800,http://www.iana.org/assignments/media-types/audio/vnd.nuera.ecelp4800
Nuera ECELP 7470,audio/vnd.nuera.ecelp7470,.ecelp7470,IANA: ECELP 7470,http://www.iana.org/assignments/media-types/audio/vnd.nuera.ecelp7470
Nuera ECELP 9600,audio/vnd.nuera.ecelp9600,.ecelp9600,IANA: ECELP 9600,http://www.iana.org/assignments/media-types/audio/vnd.nuera.ecelp9600
Hit'n'Mix,audio/vnd.rip,.rip,IANA: Hit'n'Mix,http://www.iana.org/assignments/media-types/audio/vnd.rip
Open Web Media Project - Audio,audio/webm,.weba,WebM Project,http://www.webmproject.org/about/faq/
Advanced Audio Coding (AAC),audio/x-aac,.aac,Wikipedia: AAC,https://en.wikipedia.org/wiki/Advanced_Audio_Coding
Audio Interchange File Format,audio/x-aiff,.aif,Wikipedia: Audio Interchange File Format,https://en.wikipedia.org/wiki/Audio_Interchange_File_Format
M3U (Multimedia Playlist),audio/x-mpegurl,.m3u,Wikipedia: M3U,https://en.wikipedia.org/wiki/M3u
Microsoft Windows Media Audio Redirector,audio/x-ms-wax,.wax,Windows Media Metafiles,http://www.microsoft.com/windows/windowsmedia/howto/articles/introwmmeta.aspx
Microsoft Windows Media Audio,audio/x-ms-wma,.wma,Wikipedia: Windows Media Audio,https://en.wikipedia.org/wiki/Windows_Media_Audio
Real Audio Sound,audio/x-pn-realaudio,.ram,Wikipedia: RealPlayer,https://en.wikipedia.org/wiki/RealPlayer
Real Audio Sound,audio/x-pn-realaudio-plugin,.rmp,Wikipedia: RealPlayer,https://en.wikipedia.org/wiki/RealPlayer
Waveform Audio File Format (WAV),audio/x-wav,.wav,Wikipedia: WAV,https://en.wikipedia.org/wiki/Wav
ChemDraw eXchange file,chemical/x-cdx,.cdx,ChemDraw eXchange file,http://www.cambridgesoft.com/services/documentation/sdk/chemdraw/cdx/
Crystallographic Interchange Format,chemical/x-cif,.cif,Crystallographic Interchange Format,http://www.iucr.org/resources/cif
CrystalMaker Data Format,chemical/x-cmdf,.cmdf,CrystalMaker Data Format,http://www.crystalmaker.com/crystalmaker/whatis.html
Chemical Markup Language,chemical/x-cml,.cml,Wikipedia: Chemical Markup Language,https://en.wikipedia.org/wiki/Chemical_Markup_Language
Chemical Style Markup Language,chemical/x-csml,.csml,Wikipedia: Chemical Style Markup Language,https://en.wikipedia.org/wiki/Chemical_file_format
XYZ File Format,chemical/x-xyz,.xyz,Wikipedia: XYZ File Format,https://en.wikipedia.org/wiki/XYZ_file_format
Bitmap Image File,image/bmp,.bmp,Wikipedia: BMP File Format,https://en.wikipedia.org/wiki/BMP_file_format
Computer Graphics Metafile,image/cgm,.cgm,Wikipedia: Computer Graphics Metafile,https://en.wikipedia.org/wiki/Computer_Graphics_Metafile
G3 Fax Image,image/g3fax,.g3,Wikipedia: G3 Fax Image,https://en.wikipedia.org/wiki/T.38
Graphics Interchange Format,image/gif,.gif,Wikipedia: Graphics Interchange Format,https://en.wikipedia.org/wiki/Gif
Image Exchange Format,image/ief,.ief,RFC 1314,http://www.rfc-editor.org/rfc/rfc1314.txt
JPEG Image,image/jpeg,".jpeg, .jpg",RFC 1314,http://www.rfc-editor.org/rfc/rfc1314.txt
JPEG Image (Progressive),image/pjpeg,.pjpeg,JPEG image compression FAQ,http://www.faqs.org/faqs/jpeg-faq/part1/section-11.html
OpenGL Textures (KTX),image/ktx,.ktx,KTX File Format,http://www.khronos.org/opengles/sdk/tools/KTX/file_format_spec/
Portable Network Graphics (PNG),image/png,.png,RFC 2083,http://tools.ietf.org/html/rfc2083
Portable Network Graphics (PNG) (x-token),image/x-png,.png,RFC 2083,http://tools.ietf.org/html/rfc2083
Portable Network Graphics (PNG) (Citrix client),image/x-citrix-png,.png,RFC 2083,http://tools.ietf.org/html/rfc2083
BTIF,image/prs.btif,.btif,IANA: BTIF,http://www.iana.org/assignments/media-types/image/prs.btif
Scalable Vector Graphics (SVG),image/svg+xml,.svg,Wikipedia: SVG,https://en.wikipedia.org/wiki/Scalable_Vector_Graphics
Tagged Image File Format,image/tiff,.tiff,Wikipedia: TIFF,https://en.wikipedia.org/wiki/Tagged_Image_File_Format
Photoshop Document,image/vnd.adobe.photoshop,.psd,Wikipedia: Photoshop Document,https://en.wikipedia.org/wiki/Adobe_Photoshop#Features
DECE Graphic,image/vnd.dece.graphic,.uvi,IANA: DECE Graphic,http://www.iana.org/assignments/media-types/image/vnd.dece.graphic
Close Captioning - Subtitle,image/vnd.dvb.subtitle,.sub,Wikipedia: Closed Captioning,https://en.wikipedia.org/wiki/Closed_captioning
DjVu,image/vnd.djvu,.djvu,Wikipedia: DjVu,https://en.wikipedia.org/wiki/DjVu
DWG Drawing,image/vnd.dwg,.dwg,Wikipedia: DWG,https://en.wikipedia.org/wiki/Dwg
AutoCAD DXF,image/vnd.dxf,.dxf,Wikipedia: AutoCAD DXF,https://en.wikipedia.org/wiki/Dxf
FastBid Sheet,image/vnd.fastbidsheet,.fbs,IANA: FastBid Sheet,http://www.ietf.org/assignments/media-types/image/vnd.fastbidsheet
FlashPix,image/vnd.fpx,.fpx,IANA: FPX,http://www.ietf.org/assignments/media-types/image/vnd.fpx
FAST Search & Transfer ASA,image/vnd.fst,.fst,IANA: FAST Search & Transfer ASA,http://www.ietf.org/assignments/media-types/image/vnd.fst
EDMICS 2000,image/vnd.fujixerox.edmics-mmr,.mmr,IANA: EDMICS 2000,http://www.ietf.org/assignments/media-types/image/vnd.fujixerox.edmics-mmr
EDMICS 2000,image/vnd.fujixerox.edmics-rlc,.rlc,IANA: EDMICS 2000,http://www.ietf.org/assignments/media-types/image/vnd.fujixerox.edmics-rlc
Microsoft Document Imaging Format,image/vnd.ms-modi,.mdi,Wikipedia: Microsoft Document Image Format,https://en.wikipedia.org/wiki/Microsoft_Document_Imaging_Format
FlashPix,image/vnd.net-fpx,.npx,IANA: FPX,http://www.ietf.org/assignments/media-types/image/vnd.net-fpx
WAP Bitamp (WBMP),image/vnd.wap.wbmp,.wbmp,IANA: WBMP,http://www.iana.org/assignments/media-types/image/vnd-wap-wbmp
eXtended Image File Format (XIFF),image/vnd.xiff,.xif,IANA: XIFF,http://www.iana.org/assignments/media-types/image/vnd.xiff
WebP Image,image/webp,.webp,Wikipedia: WebP,https://en.wikipedia.org/wiki/WebP
CMU Image,image/x-cmu-raster,.ras,,https://www.freeformatter.com/mime-types-list.html
Corel Metafile Exchange (CMX),image/x-cmx,.cmx,Wikipedia: CorelDRAW,https://en.wikipedia.org/wiki/CorelDRAW
FreeHand MX,image/x-freehand,.fh,Wikipedia: Macromedia Freehand,https://en.wikipedia.org/wiki/Macromedia_FreeHand
Icon Image,image/x-icon,.ico,Wikipedia: ICO File Format,https://en.wikipedia.org/wiki/ICO_%28file_format%29
PCX Image,image/x-pcx,.pcx,Wikipedia: PCX,https://en.wikipedia.org/wiki/PCX
PICT Image,image/x-pict,.pic,Wikipedia: PICT,https://en.wikipedia.org/wiki/PICT
Portable Anymap Image,image/x-portable-anymap,.pnm,Wikipedia: Netpbm Format,https://en.wikipedia.org/wiki/Netpbm_format
Portable Bitmap Format,image/x-portable-bitmap,.pbm,Wikipedia: Netpbm Format,https://en.wikipedia.org/wiki/Netpbm_format
Portable Graymap Format,image/x-portable-graymap,.pgm,Wikipedia: Netpbm Format,https://en.wikipedia.org/wiki/Netpbm_format
Portable Pixmap Format,image/x-portable-pixmap,.ppm,Wikipedia: Netpbm Format,https://en.wikipedia.org/wiki/Netpbm_format
Silicon Graphics RGB Bitmap,image/x-rgb,.rgb,RGB Image Format,http://www.fileformat.info/format/sgiimage/egff.htm
X BitMap,image/x-xbitmap,.xbm,Wikipedia: X BitMap,https://en.wikipedia.org/wiki/X_BitMap
X PixMap,image/x-xpixmap,.xpm,Wikipedia: X PixMap,https://en.wikipedia.org/wiki/X_Pixmap
X Window Dump,image/x-xwindowdump,.xwd,Wikipedia: X Window Dump,https://en.wikipedia.org/wiki/Screenshot
Email Message,message/rfc822,.eml,RFC 2822,http://www.rfc-editor.org/info/rfc2822
Initial Graphics Exchange Specification (IGES),model/iges,.igs,Wikipedia: IGES,https://en.wikipedia.org/wiki/IGES
Mesh Data Type,model/mesh,.msh,RFC 2077,http://www.ietf.org/rfc/rfc2077.txt
COLLADA,model/vnd.collada+xml,.dae,IANA: COLLADA,http://www.iana.net/assignments/media-types/model/vnd.collada+xml
Autodesk Design Web Format (DWF),model/vnd.dwf,.dwf,Wikipedia: Design Web Format,https://en.wikipedia.org/wiki/Design_Web_Format
Geometric Description Language (GDL),model/vnd.gdl,.gdl,IANA: GDL,http://www.iana.org/assignments/media-types/model/vnd.gs-gdl
Gen-Trix Studio,model/vnd.gtw,.gtw,IANA: GTW,http://www.iana.org/assignments/media-types/model/vnd.gtw
Virtue MTS,model/vnd.mts,.mts,IANA: MTS,http://www.iana.org/assignments/media-types/model/vnd.mts
Virtue VTU,model/vnd.vtu,.vtu,IANA: VTU,http://www.iana.org/assignments/media-types/model/vnd.vtu
Virtual Reality Modeling Language,model/vrml,.wrl,Wikipedia: VRML,https://en.wikipedia.org/wiki/VRML
iCalendar,text/calendar,.ics,Wikipedia: iCalendar,https://en.wikipedia.org/wiki/ICalendar
Cascading Style Sheets (CSS),text/css,.css,Wikipedia: CSS,https://en.wikipedia.org/wiki/Css
Comma-Seperated Values,text/csv,.csv,Wikipedia: CSV,https://en.wikipedia.org/wiki/Comma-separated_values
HyperText Markup Language (HTML),text/html,.html,Wikipedia: HTML,https://en.wikipedia.org/wiki/Html
Notation3,text/n3,.n3,Wikipedia: Notation3,https://en.wikipedia.org/wiki/Notation3
Text File,text/plain,.txt,Wikipedia: Text File,https://en.wikipedia.org/wiki/Text_file
PRS Lines Tag,text/prs.lines.tag,.dsc,IANA: PRS Lines Tag,http://www.iana.org/assignments/media-types/text/prs.lines.tag
Rich Text Format (RTF),text/richtext,.rtx,Wikipedia: Rich Text Format,https://en.wikipedia.org/wiki/Rich_Text_Format
Standard Generalized Markup Language (SGML),text/sgml,.sgml,Wikipedia: SGML,https://en.wikipedia.org/wiki/Sgml
Tab Seperated Values,text/tab-separated-values,.tsv,Wikipedia: TSV,https://en.wikipedia.org/wiki/Tab-separated_values
troff,text/troff,.t,Wikipedia: troff,https://en.wikipedia.org/wiki/Troff
Turtle (Terse RDF Triple Language),text/turtle,.ttl,Wikipedia: Turtle,https://en.wikipedia.org/wiki/Turtle_%28syntax%29
URI Resolution Services,text/uri-list,.uri,RFC 2483,http://tools.ietf.org/html/rfc2483
Curl - Applet,text/vnd.curl,.curl,Curl Applet,http://developers.curlap.com/curl/docs/caede/en/docs/en/dguide/serving-curl-applets.html
Curl - Detached Applet,text/vnd.curl.dcurl,.dcurl,Curl Detached Applet,http://developers.curlap.com/curl/docs/caede/en/docs/en/dguide/serving-curl-applets.html
Curl - Source Code,text/vnd.curl.scurl,.scurl,Curl Source Code,http://developers.curlap.com/curl/docs/caede/en/docs/en/dguide/serving-curl-applets.html
Curl - Manifest File,text/vnd.curl.mcurl,.mcurl,Curl Manifest File,http://developers.curlap.com/curl/docs/caede/en/docs/en/dguide/serving-curl-applets.html
mod_fly / fly.cgi,text/vnd.fly,.fly,IANA: Fly,http://www.iana.org/assignments/media-types/text/vnd.fly
FLEXSTOR,text/vnd.fmi.flexstor,.flx,IANA: FLEXSTOR,http://www.iana.org/assignments/media-types/text/vnd.fmi.flexstor
Graphviz,text/vnd.graphviz,.gv,IANA: Graphviz,http://www.iana.org/assignments/media-types/text/vnd.graphviz
In3D - 3DML,text/vnd.in3d.3dml,.3dml,IANA: In3D,http://www.iana.org/assignments/media-types/text/vnd.in3d.3dml
In3D - 3DML,text/vnd.in3d.spot,.spot,IANA: In3D,http://www.iana.org/assignments/media-types/text/vnd.in3d.spot
J2ME App Descriptor,text/vnd.sun.j2me.app-descriptor,.jad,IANA: J2ME App Descriptor,http://www.iana.org/assignments/media-types/text/vnd.sun.j2me.app-descriptor
Wireless Markup Language (WML),text/vnd.wap.wml,.wml,Wikipedia: WML,https://en.wikipedia.org/wiki/Wireless_Markup_Language
Wireless Markup Language Script (WMLScript),text/vnd.wap.wmlscript,.wmls,Wikipedia: WMLScript,https://en.wikipedia.org/wiki/WMLScript
Assembler Source File,text/x-asm,.s,Wikipedia: Assembly,https://en.wikipedia.org/wiki/Assembly_language
C Source File,text/x-c,.c,Wikipedia: C Programming Language,https://en.wikipedia.org/wiki/C_%28programming_language%29
Fortran Source File,text/x-fortran,.f,Wikipedia: Fortran,https://en.wikipedia.org/wiki/Fortran
Pascal Source File,text/x-pascal,.p,Wikipedia: Pascal,https://en.wikipedia.org/wiki/Pascal_%28programming_language%29
Java Source File,"text/x-java-source,java",.java,Wikipedia: Java,https://en.wikipedia.org/wiki/Java_%28programming_language%29
Setext,text/x-setext,.etx,Wikipedia: Setext,https://en.wikipedia.org/wiki/Setext
UUEncode,text/x-uuencode,.uu,Wikipedia: UUEncode,https://en.wikipedia.org/wiki/Uuencode
vCalendar,text/x-vcalendar,.vcs,Wikipedia: vCalendar,https://en.wikipedia.org/wiki/VCalendar#vCalendar_1.0
vCard,text/x-vcard,.vcf,Wikipedia: vCard,https://en.wikipedia.org/wiki/Vcard
3GP,video/3gpp,.3gp,Wikipedia: 3GP,https://en.wikipedia.org/wiki/3GP_and_3G2
3GP2,video/3gpp2,.3g2,Wikipedia: 3G2,https://en.wikipedia.org/wiki/3GP_and_3G2
H.261,video/h261,.h261,Wikipedia: H.261,https://en.wikipedia.org/wiki/H261
H.263,video/h263,.h263,Wikipedia: H.263,https://en.wikipedia.org/wiki/H263
H.264,video/h264,.h264,Wikipedia: H.264,https://en.wikipedia.org/wiki/H264
JPGVideo,video/jpeg,.jpgv,RFC 3555,http://www.rfc-editor.org/rfc/rfc3555.txt
JPEG 2000 Compound Image File Format,video/jpm,.jpm,IANA: JPM,http://www.iana.org/assignments/media-types/video/jpm
Motion JPEG 2000,video/mj2,.mj2,IANA: MJ2,http://www.iana.org/assignments/media-types/video/mj2
MPEG-4 Video,video/mp4,.mp4,Wikipedia: MP4,https://en.wikipedia.org/wiki/MPEG-4_Part_14
MPEG Video,video/mpeg,.mpeg,Wikipedia: MPEG,https://en.wikipedia.org/wiki/Mpeg
Ogg Video,video/ogg,.ogv,Wikipedia: Ogg,https://en.wikipedia.org/wiki/Ogg
Quicktime Video,video/quicktime,.qt,Wikipedia: Quicktime,https://en.wikipedia.org/wiki/Quicktime
DECE High Definition Video,video/vnd.dece.hd,.uvh,IANA: DECE HD Video,http://www.iana.org/assignments/media-types/video/vnd.dece.hd
DECE Mobile Video,video/vnd.dece.mobile,.uvm,IANA: DECE Mobile Video,http://www.iana.org/assignments/media-types/video/vnd.dece.mobile
DECE PD Video,video/vnd.dece.pd,.uvp,IANA: DECE PD Video,http://www.iana.org/assignments/media-types/video/vnd.dece.pd
DECE SD Video,video/vnd.dece.sd,.uvs,IANA: DECE SD Video,http://www.iana.org/assignments/media-types/video/vnd.dece.sd
DECE Video,video/vnd.dece.video,.uvv,IANA: DECE Video,http://www.iana.org/assignments/media-types/video/vnd.dece.video
FAST Search & Transfer ASA,video/vnd.fvt,.fvt,IANA: FVT,http://www.iana.org/assignments/media-types/video/vnd.fvt
MPEG Url,video/vnd.mpegurl,.mxu,IANA: MPEG Url,http://www.iana.org/assignments/media-types/video/vnd-mpegurl
Microsoft PlayReady Ecosystem Video,video/vnd.ms-playready.media.pyv,.pyv,IANA: Microsoft PlayReady Ecosystem,http://www.iana.org/assignments/media-types/video/vnd.ms-playready.media.pyv
DECE MP4,video/vnd.uvvu.mp4,.uvu,IANA: DECE MP4,http://www.iana.org/assignments/media-types/video/vnd.uvvu-mp4
Vivo,video/vnd.vivo,.viv,IANA: Vivo,http://www.iana.org/assignments/media-types/video/vnd-vivo
Open Web Media Project - Video,video/webm,.webm,WebM Project,http://www.webmproject.org/about/faq/
Flash Video,video/x-f4v,.f4v,Wikipedia: Flash Video,https://en.wikipedia.org/wiki/Flash_Video
FLI/FLC Animation Format,video/x-fli,.fli,FLI/FLC Animation Format,http://www.aos.wisc.edu/fli.html
Flash Video,video/x-flv,.flv,Wikipedia: Flash Video,https://en.wikipedia.org/wiki/Flash_Video
M4v,video/x-m4v,.m4v,Wikipedia: M4v,https://en.wikipedia.org/wiki/M4v
Microsoft Advanced Systems Format (ASF),video/x-ms-asf,.asf,Wikipedia: Advanced Systems Format (ASF),https://en.wikipedia.org/wiki/Advanced_Systems_Format
Microsoft Windows Media,video/x-ms-wm,.wm,Wikipedia: Advanced Systems Format (ASF),https://en.wikipedia.org/wiki/Advanced_Systems_Format
Microsoft Windows Media Video,video/x-ms-wmv,.wmv,Wikipedia: Advanced Systems Format (ASF),https://en.wikipedia.org/wiki/Advanced_Systems_Format
Microsoft Windows Media Audio/Video Playlist,video/x-ms-wmx,.wmx,Wikipedia: Advanced Systems Format (ASF),https://en.wikipedia.org/wiki/Advanced_Systems_Format
Microsoft Windows Media Video Playlist,video/x-ms-wvx,.wvx,Wikipedia: Advanced Systems Format (ASF),https://en.wikipedia.org/wiki/Advanced_Systems_Format
Audio Video Interleave (AVI),video/x-msvideo,.avi,Wikipedia: AVI,https://en.wikipedia.org/wiki/Audio_Video_Interleave
SGI Movie,video/x-sgi-movie,.movie,SGI Facts,http://www.pimpworks.org/sgi/faq/movie.shtml
CoolTalk,x-conference/x-cooltalk,.ice,Wikipedia: CoolTalk,https://en.wikipedia.org/wiki/CoolTalk
BAS Partitur Format,text/plain-bas,.par,Phonetik BAS,http://www.bas.uni-muenchen.de/Bas/BasFormatseng.html#Partitur
YAML Ain't Markup Language / Yet Another Markup Language,text/yaml,.yaml,YAML: YAML Ain't Markup Language,http://www.yaml.org/
Apple Disk Image,application/x-apple-diskimage,.dmg,Apple Disk Image,https://en.wikipedia.org/wiki/Apple_Disk_Image
GPS eXchange Format,application/gpx+xml,.gpx,GPS eXchange Format,https://en.wikipedia.org/wiki/GPS_Exchange_Format
Archive document - Multiple Fils Embedded,application/x-freearc,.arc,FreeArc,https://en.wikipedia.org/wiki/FreeArc
AV1 Image File,image/avif,.avif,AV1 Image File Format,https://en.wikipedia.org/wiki/AVIF
CD Audio,application/x-cdf,.cda,Wikipedia: CDA File,https://en.wikipedia.org/wiki/.cda_fileF
GZip,application/gzip,.gz,Wikipedia: GZip,https://en.wikipedia.org/wiki/Gzip
JSON - Linked Data,application/ld+json,.jsonld,Wikipedia: JSON-LD,https://en.wikipedia.org/wiki/JSON-LD
MIDI,audio/midi,.midi,Wikipedia: MIDI,https://en.wikipedia.org/wiki/Midi
JavaScript Module,text/javascript,.mjs,Wikipedia: Javascript,https://en.wikipedia.org/wiki/Javascript
JavaScript Module,text/javascript,.mjs,ECMAScript modules,https://nodejs.org/docs/latest/api/esm.html
Opus Audio,audio/opus,.opus,Wikipedia: Opus Audio,https://en.wikipedia.org/wiki/Opus_(audio_format)
MPEG Transport Stream,video/mp2t,.ts,Wikipedia: MPEG Transport Stream,https://en.wikipedia.org/wiki/MPEG_transport_stream
